{
  "Version": 3,
  "Meta": {
    "Duration": 1.483,
    "Fps": 60.0,
    "Loop": true,
    "AreBeziersRestricted": true,
    "CurveCount": 42,
    "UserDataCount": 0,
    "TotalSegmentCount": 98,
    "TotalPointCount": 104,
    "TotalUserDataSize": 0
  },
  "Curves": [
    {
      "Target": "Parameter",
      "Id": "ParamFumeChange",
      "Segments": [
        0,
        1,
        0,
        0.283,
        1,
        0,
        0.45,
        0,
        2,
        0.483,
        0,
        0,
        0.5,
        1,
        2,
        0.633,
        1,
        2,
        0.967,
        1,
        0,
        1.183,
        0,
        2,
        1.483,
        0
      ]
    },
    {
      "Target": "Parameter",
      "Id": "ParamMoveFume",
      "Segments": [
        0,
        0,
        0,
        0.167,
        1.3,
        1,
        0.245,
        1.927,
        0.322,
        2.0,
        0.4,
        2,
        2,
        0.483,
        2,
        0,
        0.5,
        0,
        2,
        0.633,
        0,
        1,
        0.705,
        0,
        0.778,
        0.878,
        0.85,
        1.4,
        1,
        0.928,
        1.963,
        1.005,
        2.0,
        1.083,
        2,
        2,
        1.483,
        2
      ]
    },
    {
      "Target": "Parameter",
      "Id": "ParamBrowRX",
      "Segments": [
        0,
        -1,
        0,
        1.483,
        -1
      ]
    },
    {
      "Target": "Parameter",
      "Id": "ParamBrowRY",
      "Segments": [
        0,
        -0.5,
        0,
        1.483,
        -0.5
      ]
    },
    {
      "Target": "Parameter",
      "Id": "ParamBrowRAngle",
      "Segments": [
        0,
        -0.3,
        0,
        1.483,
        -0.3
      ]
    },
    {
      "Target": "Parameter",
      "Id": "ParamBrowRForm",
      "Segments": [
        0,
        -0.4,
        0,
        1.483,
        -0.4
      ]
    },
    {
      "Target": "Parameter",
      "Id": "ParamBrowLX",
      "Segments": [
        0,
        -1,
        0,
        1.483,
        -1
      ]
    },
    {
      "Target": "Parameter",
      "Id": "ParamBrowLY",
      "Segments": [
        0,
        -0.5,
        0,
        1.483,
        -0.5
      ]
    },
    {
      "Target": "Parameter",
      "Id": "ParamBrowLAngle",
      "Segments": [
        0,
        -0.3,
        0,
        1.483,
        -0.3
      ]
    },
    {
      "Target": "Parameter",
      "Id": "ParamBrowLForm",
      "Segments": [
        0,
        -0.4,
        0,
        1.483,
        -0.4
      ]
    },
    {
      "Target": "Parameter",
      "Id": "ParamBrowScale",
      "Segments": [
        0,
        -1,
        0,
        1.483,
        -1
      ]
    },
    {
      "Target": "Parameter",
      "Id": "ParamEyeROpen",
      "Segments": [
        0,
        1,
        0,
        1.483,
        1
      ]
    },
    {
      "Target": "Parameter",
      "Id": "ParamEyeRSmile",
      "Segments": [
        0,
        0,
        0,
        1.483,
        0
      ]
    },
    {
      "Target": "Parameter",
      "Id": "ParamEyeRForm",
      "Segments": [
        0,
        0,
        0,
        1.483,
        0
      ]
    },
    {
      "Target": "Parameter",
      "Id": "ParamEyeLOpen",
      "Segments": [
        0,
        1,
        0,
        1.483,
        1
      ]
    },
    {
      "Target": "Parameter",
      "Id": "ParamEyeLSmile",
      "Segments": [
        0,
        0,
        0,
        1.483,
        0
      ]
    },
    {
      "Target": "Parameter",
      "Id": "ParamEyeLForm",
      "Segments": [
        0,
        0,
        0,
        1.483,
        0
      ]
    },
    {
      "Target": "Parameter",
      "Id": "ParamEyeballY",
      "Segments": [
        0,
        0,
        0,
        1.483,
        0
      ]
    },
    {
      "Target": "Parameter",
      "Id": "ParamEyeSize",
      "Segments": [
        0,
        0,
        0,
        1.483,
        0
      ]
    },
    {
      "Target": "Parameter",
      "Id": "ParamEyeTeary",
      "Segments": [
        0,
        0,
        0,
        1.483,
        0
      ]
    },
    {
      "Target": "Parameter",
      "Id": "ParamTear",
      "Segments": [
        0,
        0,
        0,
        1.483,
        0
      ]
    },
    {
      "Target": "Parameter",
      "Id": "ParamHighlightView1",
      "Segments": [
        0,
        0,
        0,
        1.483,
        0
      ]
    },
    {
      "Target": "Parameter",
      "Id": "ParamHighlightView2",
      "Segments": [
        0,
        0,
        0,
        1.483,
        0
      ]
    },
    {
      "Target": "Parameter",
      "Id": "ParamHighlightView4",
      "Segments": [
        0,
        0,
        0,
        1.483,
        0
      ]
    },
    {
      "Target": "Parameter",
      "Id": "ParamSpecialEye01",
      "Segments": [
        0,
        1,
        0,
        1.483,
        1
      ]
    },
    {
      "Target": "Parameter",
      "Id": "ParamSpecialEye03",
      "Segments": [
        0,
        0,
        0,
        1.483,
        0
      ]
    },
    {
      "Target": "Parameter",
      "Id": "ParamSpecialEyeRotate1",
      "Segments": [
        0,
        0,
        0,
        1.483,
        0
      ]
    },
    {
      "Target": "Parameter",
      "Id": "ParamEyeChange",
      "Segments": [
        0,
        1,
        0,
        1.483,
        1
      ]
    },
    {
      "Target": "Parameter",
      "Id": "ParamMouthForm",
      "Segments": [
        0,
        -1,
        0,
        1.483,
        -1
      ]
    },
    {
      "Target": "Parameter",
      "Id": "ParamMouthForm2",
      "Segments": [
        0,
        1,
        0,
        1.483,
        1
      ]
    },
    {
      "Target": "Parameter",
      "Id": "ParamTeeth",
      "Segments": [
        0,
        0,
        0,
        1.483,
        0
      ]
    },
    {
      "Target": "Parameter",
      "Id": "ParamMouthScaleX",
      "Segments": [
        0,
        0,
        0,
        1.483,
        0
      ]
    },
    {
      "Target": "Parameter",
      "Id": "ParamMouthScaleY",
      "Segments": [
        0,
        0,
        0,
        1.483,
        0
      ]
    },
    {
      "Target": "Parameter",
      "Id": "ParamMouthPositionY",
      "Segments": [
        0,
        0,
        0,
        1.483,
        0
      ]
    },
    {
      "Target": "Parameter",
      "Id": "ParamCheek",
      "Segments": [
        0,
        0,
        0,
        1.483,
        0
      ]
    },
    {
      "Target": "Parameter",
      "Id": "ParamCheek2",
      "Segments": [
        0,
        0,
        0,
        1.483,
        0
      ]
    },
    {
      "Target": "Parameter",
      "Id": "ParamFaceShadow",
      "Segments": [
        0,
        0,
        0,
        1.483,
        0
      ]
    },
    {
      "Target": "Parameter",
      "Id": "ParamCheekAngry",
      "Segments": [
        0,
        0,
        0,
        1.483,
        0
      ]
    },
    {
      "Target": "Parameter",
      "Id": "ParamSweatView",
      "Segments": [
        0,
        0,
        0,
        1.483,
        0
      ]
    },
    {
      "Target": "Parameter",
      "Id": "ParamSweatMove",
      "Segments": [
        0,
        0,
        0,
        1.483,
        0
      ]
    },
    {
      "Target": "Parameter",
      "Id": "ParamSweatView2",
      "Segments": [
        0,
        0,
        0,
        1.483,
        0
      ]
    },
    {
      "Target": "Parameter",
      "Id": "ParamSweaMove2",
      "Segments": [
        0,
        0,
        0,
        1.483,
        0
      ]
    }
  ],
  "UserData": []
}