{
  "Version": 3,
  "Meta": {
    "Duration": 3.167,
    "Fps": 60.0,
    "Loop": true,
    "AreBeziersRestricted": true,
    "CurveCount": 51,
    "UserDataCount": 0,
    "TotalSegmentCount": 164,
    "TotalPointCount": 198,
    "TotalUserDataSize": 0
  },
  "Curves": [
    {
      "Target": "Parameter",
      "Id": "ParamTearHighlightL",
      "Segments": [
        0,
        0,
        0,
        1.083,
        0,
        0,
        1.133,
        1,
        0,
        1.233,
        0,
        2,
        2,
        0,
        0,
        2.05,
        1,
        0,
        2.15,
        0,
        2,
        3.167,
        0
      ]
    },
    {
      "Target": "Parameter",
      "Id": "ParamTearHighlightR",
      "Segments": [
        0,
        0,
        0,
        1.333,
        0,
        0,
        1.383,
        1,
        0,
        1.5,
        0,
        2,
        2.267,
        0,
        0,
        2.317,
        1,
        0,
        2.433,
        0,
        2,
        3.167,
        0
      ]
    },
    {
      "Target": "Parameter",
      "Id": "ParamTearR",
      "Segments": [
        0,
        10,
        0,
        0.017,
        10,
        0,
        0.6,
        9,
        2,
        0.817,
        9,
        2,
        0.9,
        9,
        1,
        0.933,
        9,
        0.967,
        8.236,
        1,
        7.6,
        1,
        1.106,
        5.585,
        1.211,
        3.535,
        1.317,
        2.1,
        1,
        1.439,
        0.439,
        1.561,
        0.0,
        1.683,
        0,
        1,
        1.689,
        0,
        1.694,
        10.0,
        1.7,
        10,
        0,
        1.717,
        9,
        2,
        1.8,
        9,
        2,
        1.883,
        9,
        1,
        2.011,
        9,
        2.139,
        5.09,
        2.267,
        2.1,
        1,
        2.356,
        0.02,
        2.444,
        -0.0,
        2.533,
        0,
        2,
        2.617,
        0,
        0,
        2.633,
        10,
        0,
        2.783,
        9,
        2,
        3.167,
        9
      ]
    },
    {
      "Target": "Parameter",
      "Id": "ParamTearL",
      "Segments": [
        0,
        10,
        0,
        0.017,
        10,
        0,
        0.183,
        9,
        2,
        0.583,
        9,
        2,
        0.667,
        9,
        1,
        0.7,
        9,
        0.734,
        8.236,
        0.767,
        7.6,
        1,
        0.872,
        5.585,
        0.978,
        3.535,
        1.083,
        2.1,
        1,
        1.205,
        0.439,
        1.328,
        0.0,
        1.45,
        0,
        1,
        1.456,
        0,
        1.461,
        10.0,
        1.467,
        10,
        0,
        1.483,
        9,
        2,
        1.567,
        9,
        2,
        1.65,
        9,
        1,
        1.778,
        9,
        1.905,
        6.941,
        2.033,
        2.1,
        1,
        2.061,
        1.048,
        2.089,
        -0.0,
        2.117,
        0,
        2,
        2.3,
        0,
        1,
        2.306,
        0,
        2.311,
        10.0,
        2.317,
        10,
        0,
        2.567,
        9,
        2,
        3.167,
        9
      ]
    },
    {
      "Target": "Parameter",
      "Id": "ParamTear4",
      "Segments": [
        0,
        1,
        0,
        0.017,
        -1,
        0,
        0.183,
        1,
        0,
        1.45,
        -1,
        2,
        1.467,
        -1,
        1,
        1.472,
        -1,
        1.478,
        0.389,
        1.483,
        0.4,
        1,
        1.694,
        0.81,
        1.906,
        1.0,
        2.117,
        1,
        0,
        2.3,
        -1,
        2,
        2.317,
        -1,
        0,
        2.567,
        1,
        2,
        3.167,
        1
      ]
    },
    {
      "Target": "Parameter",
      "Id": "ParamTear3",
      "Segments": [
        0,
        1,
        0,
        0.017,
        -1,
        0,
        0.6,
        1,
        2,
        1.683,
        1,
        0,
        1.7,
        -1,
        1,
        1.706,
        -1,
        1.711,
        -0.014,
        1.717,
        0,
        1,
        1.989,
        0.68,
        2.261,
        1.0,
        2.533,
        1,
        0,
        2.617,
        -1,
        2,
        2.633,
        -1,
        0,
        2.783,
        1,
        2,
        3.167,
        1
      ]
    },
    {
      "Target": "Parameter",
      "Id": "Param",
      "Segments": [
        0,
        0,
        0,
        3.167,
        0
      ]
    },
    {
      "Target": "Parameter",
      "Id": "ParamTear2",
      "Segments": [
        0,
        0,
        0,
        3.167,
        0
      ]
    },
    {
      "Target": "Parameter",
      "Id": "ParamBrowRX",
      "Segments": [
        0,
        0,
        0,
        3.167,
        0
      ]
    },
    {
      "Target": "Parameter",
      "Id": "ParamBrowRY",
      "Segments": [
        0,
        0,
        0,
        3.167,
        0
      ]
    },
    {
      "Target": "Parameter",
      "Id": "ParamBrowRAngle",
      "Segments": [
        0,
        1,
        0,
        3.167,
        1
      ]
    },
    {
      "Target": "Parameter",
      "Id": "ParamBrowRForm",
      "Segments": [
        0,
        -0.5,
        0,
        3.167,
        -0.5
      ]
    },
    {
      "Target": "Parameter",
      "Id": "ParamBrowLX",
      "Segments": [
        0,
        0,
        0,
        3.167,
        0
      ]
    },
    {
      "Target": "Parameter",
      "Id": "ParamBrowLY",
      "Segments": [
        0,
        0,
        0,
        3.167,
        0
      ]
    },
    {
      "Target": "Parameter",
      "Id": "ParamBrowLAngle",
      "Segments": [
        0,
        1,
        0,
        3.167,
        1
      ]
    },
    {
      "Target": "Parameter",
      "Id": "ParamBrowLForm",
      "Segments": [
        0,
        -0.5,
        0,
        3.167,
        -0.5
      ]
    },
    {
      "Target": "Parameter",
      "Id": "ParamBrowScale",
      "Segments": [
        0,
        0,
        0,
        3.167,
        0
      ]
    },
    {
      "Target": "Parameter",
      "Id": "ParamEyeROpen",
      "Segments": [
        0,
        0,
        0,
        3.167,
        0
      ]
    },
    {
      "Target": "Parameter",
      "Id": "ParamEyeRSmile",
      "Segments": [
        0,
        1,
        0,
        3.167,
        1
      ]
    },
    {
      "Target": "Parameter",
      "Id": "ParamEyeRForm",
      "Segments": [
        0,
        -1,
        0,
        3.167,
        -1
      ]
    },
    {
      "Target": "Parameter",
      "Id": "ParamEyeLOpen",
      "Segments": [
        0,
        0,
        0,
        3.167,
        0
      ]
    },
    {
      "Target": "Parameter",
      "Id": "ParamEyeLSmile",
      "Segments": [
        0,
        1,
        0,
        3.167,
        1
      ]
    },
    {
      "Target": "Parameter",
      "Id": "ParamEyeLForm",
      "Segments": [
        0,
        -1,
        0,
        3.167,
        -1
      ]
    },
    {
      "Target": "Parameter",
      "Id": "ParamEyeballY",
      "Segments": [
        0,
        0,
        0,
        3.167,
        0
      ]
    },
    {
      "Target": "Parameter",
      "Id": "ParamEyeSize",
      "Segments": [
        0,
        0,
        0,
        3.167,
        0
      ]
    },
    {
      "Target": "Parameter",
      "Id": "ParamEyeTeary",
      "Segments": [
        0,
        0,
        0,
        3.167,
        0
      ]
    },
    {
      "Target": "Parameter",
      "Id": "ParamTear",
      "Segments": [
        0,
        0,
        0,
        3.167,
        0
      ]
    },
    {
      "Target": "Parameter",
      "Id": "ParamHighlightView1",
      "Segments": [
        0,
        0,
        0,
        3.167,
        0
      ]
    },
    {
      "Target": "Parameter",
      "Id": "ParamHighlightView2",
      "Segments": [
        0,
        0,
        0,
        3.167,
        0
      ]
    },
    {
      "Target": "Parameter",
      "Id": "ParamHighlightView4",
      "Segments": [
        0,
        0,
        0,
        3.167,
        0
      ]
    },
    {
      "Target": "Parameter",
      "Id": "ParamSpecialEye01",
      "Segments": [
        0,
        0,
        0,
        3.167,
        0
      ]
    },
    {
      "Target": "Parameter",
      "Id": "ParamSpecialEye03",
      "Segments": [
        0,
        0,
        0,
        3.167,
        0
      ]
    },
    {
      "Target": "Parameter",
      "Id": "ParamSpecialEyeRotate1",
      "Segments": [
        0,
        0,
        0,
        3.167,
        0
      ]
    },
    {
      "Target": "Parameter",
      "Id": "ParamEyeChange",
      "Segments": [
        0,
        0,
        0,
        3.167,
        0
      ]
    },
    {
      "Target": "Parameter",
      "Id": "ParamMouthForm",
      "Segments": [
        0,
        -0.7,
        0,
        3.167,
        -0.7
      ]
    },
    {
      "Target": "Parameter",
      "Id": "ParamMouthOpenY",
      "Segments": [
        0,
        0,
        0,
        3.167,
        0
      ]
    },
    {
      "Target": "Parameter",
      "Id": "ParamMouthForm2",
      "Segments": [
        0,
        0,
        0,
        3.167,
        0
      ]
    },
    {
      "Target": "Parameter",
      "Id": "ParamTeeth",
      "Segments": [
        0,
        0,
        0,
        3.167,
        0
      ]
    },
    {
      "Target": "Parameter",
      "Id": "ParamMouthScaleX",
      "Segments": [
        0,
        0,
        0,
        3.167,
        0
      ]
    },
    {
      "Target": "Parameter",
      "Id": "ParamMouthScaleY",
      "Segments": [
        0,
        0,
        0,
        3.167,
        0
      ]
    },
    {
      "Target": "Parameter",
      "Id": "ParamMouthPositionY",
      "Segments": [
        0,
        0,
        0,
        3.167,
        0
      ]
    },
    {
      "Target": "Parameter",
      "Id": "ParamCheek",
      "Segments": [
        0,
        1,
        0,
        3.167,
        1
      ]
    },
    {
      "Target": "Parameter",
      "Id": "ParamCheek2",
      "Segments": [
        0,
        0,
        0,
        3.167,
        0
      ]
    },
    {
      "Target": "Parameter",
      "Id": "ParamFaceShadow",
      "Segments": [
        0,
        0,
        0,
        3.167,
        0
      ]
    },
    {
      "Target": "Parameter",
      "Id": "ParamCheekAngry",
      "Segments": [
        0,
        0,
        0,
        3.167,
        0
      ]
    },
    {
      "Target": "Parameter",
      "Id": "ParamSweatView",
      "Segments": [
        0,
        0,
        0,
        3.167,
        0
      ]
    },
    {
      "Target": "Parameter",
      "Id": "ParamSweatMove",
      "Segments": [
        0,
        0,
        0,
        3.167,
        0
      ]
    },
    {
      "Target": "Parameter",
      "Id": "ParamSweatView2",
      "Segments": [
        0,
        0,
        0,
        3.167,
        0
      ]
    },
    {
      "Target": "Parameter",
      "Id": "ParamSweaMove2",
      "Segments": [
        0,
        0,
        0,
        3.167,
        0
      ]
    },
    {
      "Target": "Parameter",
      "Id": "ParamFumeChange",
      "Segments": [
        0,
        0,
        0,
        3.167,
        0
      ]
    },
    {
      "Target": "Parameter",
      "Id": "ParamMoveFume",
      "Segments": [
        0,
        0,
        0,
        3.167,
        0
      ]
    }
  ],
  "UserData": []
}