{
  "Version": 3,
  "Meta": {
    "Duration": 3.033,
    "Fps": 60.0,
    "Loop": true,
    "AreBeziersRestricted": true,
    "CurveCount": 61,
    "UserDataCount": 1,
    "TotalSegmentCount": 229,
    "TotalPointCount": 251,
    "TotalUserDataSize": 19
  },
  "Curves": [
    {
      "Target": "Parameter",
      "Id": "ParamPositionY",
      "Segments": [
        0,
        0,
        0,
        0.5,
        1,
        0,
        1.017,
        0,
        0,
        1.467,
        1,
        0,
        1.967,
        -0.3,
        0,
        2.567,
        0,
        2,
        3.033,
        0
      ]
    },
    {
      "Target": "Parameter",
      "Id": "ParamAngleX",
      "Segments": [
        0,
        0,
        0,
        0.083,
        0,
        0,
        0.5,
        2,
        0,
        1.017,
        -1,
        1,
        1.167,
        -1,
        1.317,
        -0.815,
        1.467,
        0,
        1,
        1.672,
        1.117,
        1.878,
        2.0,
        2.083,
        2,
        0,
        2.567,
        1,
        2,
        3.033,
        1
      ]
    },
    {
      "Target": "Parameter",
      "Id": "ParamAngleY",
      "Segments": [
        0,
        0,
        0,
        0.083,
        0,
        0,
        0.5,
        8,
        0,
        1.017,
        -9,
        0,
        1.467,
        3,
        0,
        2.083,
        -6,
        0,
        2.567,
        0,
        2,
        3.033,
        0
      ]
    },
    {
      "Target": "Parameter",
      "Id": "ParamAngleZ",
      "Segments": [
        0,
        6,
        0,
        0.083,
        6,
        1,
        0.222,
        6,
        0.361,
        6.339,
        0.5,
        4,
        1,
        0.672,
        1.099,
        0.845,
        -8.0,
        1.017,
        -8,
        1,
        1.167,
        -8,
        1.317,
        -3.48,
        1.467,
        2,
        1,
        1.672,
        9.51,
        1.878,
        12.0,
        2.083,
        12,
        0,
        2.567,
        11,
        2,
        3.033,
        11
      ]
    },
    {
      "Target": "Parameter",
      "Id": "ParamEyeROpen",
      "Segments": [
        0,
        1,
        0,
        0.75,
        1,
        0,
        1,
        0,
        0,
        1.267,
        1,
        2,
        3.033,
        1
      ]
    },
    {
      "Target": "Parameter",
      "Id": "ParamEyeLOpen",
      "Segments": [
        0,
        1,
        0,
        0.75,
        1,
        0,
        1,
        0,
        0,
        1.267,
        1,
        2,
        3.033,
        1
      ]
    },
    {
      "Target": "Parameter",
      "Id": "ParamBodyAngleX",
      "Segments": [
        0,
        0,
        0,
        0.417,
        -3,
        1,
        0.584,
        -5.538,
        0.75,
        -7,
        0.917,
        -7,
        1,
        1.05,
        -7,
        1.184,
        -4.006,
        1.317,
        0,
        1,
        1.511,
        5.843,
        1.706,
        8.0,
        1.9,
        8,
        0,
        2.433,
        7,
        2,
        3.033,
        7
      ]
    },
    {
      "Target": "Parameter",
      "Id": "ParamBodyAngleY",
      "Segments": [
        0,
        0,
        0,
        0.017,
        0,
        0,
        0.433,
        2,
        0,
        0.933,
        -1,
        0,
        1.333,
        2,
        0,
        1.95,
        -1,
        0,
        2.45,
        0,
        2,
        3.033,
        0
      ]
    },
    {
      "Target": "Parameter",
      "Id": "ParamBodyAngleZ",
      "Segments": [
        0,
        3,
        0,
        0.067,
        3,
        0,
        0.483,
        1,
        0,
        0.983,
        2,
        2,
        1.383,
        2,
        0,
        1.967,
        0,
        0,
        2.5,
        1,
        2,
        3.033,
        1
      ]
    },
    {
      "Target": "Parameter",
      "Id": "ParamUpperBodyZ",
      "Segments": [
        0,
        -6,
        0,
        0.033,
        -6,
        0,
        0.45,
        -2,
        0,
        0.95,
        -4,
        2,
        1.35,
        -4,
        0,
        1.933,
        0,
        0,
        2.467,
        -2,
        2,
        3.033,
        -2
      ]
    },
    {
      "Target": "Parameter",
      "Id": "ParamShoulderR",
      "Segments": [
        0,
        4,
        0,
        0.417,
        6,
        0,
        0.917,
        3,
        0,
        1.317,
        6,
        0,
        1.9,
        3,
        0,
        2.433,
        4,
        2,
        3.033,
        4
      ]
    },
    {
      "Target": "Parameter",
      "Id": "ParamArmR1",
      "Segments": [
        0,
        -36,
        0,
        0.05,
        -36,
        0,
        0.467,
        -32,
        0,
        0.967,
        -38,
        0,
        1.367,
        -35.76,
        0,
        1.95,
        -38,
        0,
        2.483,
        -36,
        2,
        3.033,
        -36
      ]
    },
    {
      "Target": "Parameter",
      "Id": "ParamArmR3",
      "Segments": [
        0,
        -25,
        0,
        0.1,
        -25,
        0,
        0.517,
        -13,
        0,
        1.017,
        -22,
        0,
        1.417,
        -15,
        0,
        2,
        -20,
        0,
        2.533,
        -16,
        2,
        3.033,
        -16
      ]
    },
    {
      "Target": "Parameter",
      "Id": "ParamArmR4",
      "Segments": [
        0,
        0,
        0,
        0.05,
        0,
        0,
        0.467,
        5,
        0,
        0.967,
        0,
        0,
        1.367,
        3,
        0,
        1.95,
        0,
        0,
        2.483,
        3,
        2,
        3.033,
        3
      ]
    },
    {
      "Target": "Parameter",
      "Id": "ParamArmR8",
      "Segments": [
        0,
        -26,
        0,
        0.583,
        -18,
        2,
        3.033,
        -18
      ]
    },
    {
      "Target": "Parameter",
      "Id": "ParamFingerR",
      "Segments": [
        0,
        0,
        0,
        0.533,
        4,
        0,
        1.033,
        0,
        0,
        1.567,
        4,
        0,
        2.067,
        0,
        2,
        3.033,
        0
      ]
    },
    {
      "Target": "Parameter",
      "Id": "ParamShoulderL",
      "Segments": [
        0,
        0,
        0,
        0.417,
        2,
        0,
        0.917,
        -1,
        0,
        1.317,
        2,
        0,
        1.9,
        -1,
        0,
        2.433,
        0,
        2,
        3.033,
        0
      ]
    },
    {
      "Target": "Parameter",
      "Id": "ParamArmL1",
      "Segments": [
        0,
        -41,
        0,
        0.05,
        -41,
        0,
        0.467,
        -35,
        0,
        0.967,
        -40,
        0,
        1.367,
        -38.185,
        1,
        1.561,
        -38.185,
        1.756,
        -40.636,
        1.95,
        -40.85,
        1,
        2.128,
        -41.046,
        2.305,
        -41.0,
        2.483,
        -41,
        2,
        3.033,
        -41
      ]
    },
    {
      "Target": "Parameter",
      "Id": "ParamArmL3",
      "Segments": [
        0,
        -29,
        0,
        0.1,
        -29,
        0,
        0.517,
        -16,
        0,
        1.017,
        -26,
        0,
        1.417,
        -19,
        0,
        2,
        -23,
        0,
        2.533,
        -21,
        2,
        3.033,
        -21
      ]
    },
    {
      "Target": "Parameter",
      "Id": "ParamArmL4",
      "Segments": [
        0,
        0,
        0,
        0.05,
        0,
        0,
        0.467,
        6,
        0,
        0.967,
        0,
        0,
        1.367,
        3,
        0,
        1.95,
        0,
        0,
        2.483,
        2,
        2,
        3.033,
        2
      ]
    },
    {
      "Target": "Parameter",
      "Id": "ParamFingerL",
      "Segments": [
        0,
        0,
        0,
        0.533,
        5,
        0,
        1.033,
        0,
        0,
        1.567,
        5,
        0,
        2.067,
        0,
        2,
        3.033,
        0
      ]
    },
    {
      "Target": "Parameter",
      "Id": "ParamPositionX",
      "Segments": [
        0,
        0,
        0,
        3.033,
        0
      ]
    },
    {
      "Target": "Parameter",
      "Id": "ParamRotationZ",
      "Segments": [
        0,
        0,
        0,
        3.033,
        0
      ]
    },
    {
      "Target": "Parameter",
      "Id": "ParamEyeballX",
      "Segments": [
        0,
        0,
        0,
        3.033,
        0
      ]
    },
    {
      "Target": "Parameter",
      "Id": "ParamUpperBody",
      "Segments": [
        0,
        0,
        0,
        3.033,
        0
      ]
    },
    {
      "Target": "Parameter",
      "Id": "ParamBreath",
      "Segments": [
        0,
        0,
        0,
        3.033,
        0
      ]
    },
    {
      "Target": "Parameter",
      "Id": "ParamLegLZ",
      "Segments": [
        0,
        4,
        0,
        3.033,
        4
      ]
    },
    {
      "Target": "Parameter",
      "Id": "ParamLegRZ",
      "Segments": [
        0,
        -2,
        0,
        3.033,
        -2
      ]
    },
    {
      "Target": "Parameter",
      "Id": "ParamArmR2",
      "Segments": [
        0,
        42,
        0,
        3.033,
        42
      ]
    },
    {
      "Target": "Parameter",
      "Id": "ParamArmR5",
      "Segments": [
        0,
        9,
        0,
        3.033,
        9
      ]
    },
    {
      "Target": "Parameter",
      "Id": "ParamArmR6",
      "Segments": [
        0,
        1.1,
        0,
        3.033,
        1.1
      ]
    },
    {
      "Target": "Parameter",
      "Id": "ParamArmR7",
      "Segments": [
        0,
        0,
        0,
        3.033,
        0
      ]
    },
    {
      "Target": "Parameter",
      "Id": "ParamArmR9",
      "Segments": [
        0,
        0.8,
        0,
        3.033,
        0.8
      ]
    },
    {
      "Target": "Parameter",
      "Id": "ParamHandRA",
      "Segments": [
        0,
        0,
        0,
        3.033,
        0
      ]
    },
    {
      "Target": "Parameter",
      "Id": "ParamHandRB",
      "Segments": [
        0,
        0,
        0,
        3.033,
        0
      ]
    },
    {
      "Target": "Parameter",
      "Id": "ParamHandRC",
      "Segments": [
        0,
        0,
        0,
        3.033,
        0
      ]
    },
    {
      "Target": "Parameter",
      "Id": "ParamHandRD",
      "Segments": [
        0,
        0,
        0,
        3.033,
        0
      ]
    },
    {
      "Target": "Parameter",
      "Id": "ParamHandRE",
      "Segments": [
        0,
        0,
        0,
        3.033,
        0
      ]
    },
    {
      "Target": "Parameter",
      "Id": "ParamHandRF",
      "Segments": [
        0,
        1,
        0,
        3.033,
        1
      ]
    },
    {
      "Target": "Parameter",
      "Id": "ParamHandRG",
      "Segments": [
        0,
        0,
        0,
        3.033,
        0
      ]
    },
    {
      "Target": "Parameter",
      "Id": "ParamHandRH",
      "Segments": [
        0,
        0,
        0,
        3.033,
        0
      ]
    },
    {
      "Target": "Parameter",
      "Id": "ParamHandRI",
      "Segments": [
        0,
        0,
        0,
        3.033,
        0
      ]
    },
    {
      "Target": "Parameter",
      "Id": "ParamHandRJ",
      "Segments": [
        0,
        0,
        0,
        3.033,
        0
      ]
    },
    {
      "Target": "Parameter",
      "Id": "ParamHandRK",
      "Segments": [
        0,
        0,
        0,
        3.033,
        0
      ]
    },
    {
      "Target": "Parameter",
      "Id": "ParamArmL2",
      "Segments": [
        0,
        42,
        0,
        3.033,
        42
      ]
    },
    {
      "Target": "Parameter",
      "Id": "ParamArmL5",
      "Segments": [
        0,
        9,
        0,
        3.033,
        9
      ]
    },
    {
      "Target": "Parameter",
      "Id": "ParamArmL6",
      "Segments": [
        0,
        1,
        0,
        3.033,
        1
      ]
    },
    {
      "Target": "Parameter",
      "Id": "ParamArmL7",
      "Segments": [
        0,
        0,
        0,
        3.033,
        0
      ]
    },
    {
      "Target": "Parameter",
      "Id": "ParamArmL8",
      "Segments": [
        0,
        -25,
        0,
        3.033,
        -25
      ]
    },
    {
      "Target": "Parameter",
      "Id": "ParamArmL9",
      "Segments": [
        0,
        0.8,
        0,
        3.033,
        0.8
      ]
    },
    {
      "Target": "Parameter",
      "Id": "ParamHandLA",
      "Segments": [
        0,
        0,
        0,
        3.033,
        0
      ]
    },
    {
      "Target": "Parameter",
      "Id": "ParamHandLB",
      "Segments": [
        0,
        0,
        0,
        3.033,
        0
      ]
    },
    {
      "Target": "Parameter",
      "Id": "ParamHandLC",
      "Segments": [
        0,
        0,
        0,
        3.033,
        0
      ]
    },
    {
      "Target": "Parameter",
      "Id": "ParamHandLD",
      "Segments": [
        0,
        0,
        0,
        3.033,
        0
      ]
    },
    {
      "Target": "Parameter",
      "Id": "ParamHandLE",
      "Segments": [
        0,
        0,
        0,
        3.033,
        0
      ]
    },
    {
      "Target": "Parameter",
      "Id": "ParamHandLF",
      "Segments": [
        0,
        1,
        0,
        3.033,
        1
      ]
    },
    {
      "Target": "Parameter",
      "Id": "ParamHandLG",
      "Segments": [
        0,
        0,
        0,
        3.033,
        0
      ]
    },
    {
      "Target": "Parameter",
      "Id": "ParamHandLH",
      "Segments": [
        0,
        0,
        0,
        3.033,
        0
      ]
    },
    {
      "Target": "Parameter",
      "Id": "ParamHandLI",
      "Segments": [
        0,
        0,
        0,
        3.033,
        0
      ]
    },
    {
      "Target": "Parameter",
      "Id": "ParamHandLJ",
      "Segments": [
        0,
        0,
        0,
        3.033,
        0
      ]
    },
    {
      "Target": "Parameter",
      "Id": "ParamHandLK",
      "Segments": [
        0,
        0,
        0,
        3.033,
        0
      ]
    }
  ],
  "UserData": [
    {
      "Time": 0.75,
      "Value": "eyeblink,0.2,0,0.24"
    }
  ]
}