{
  "Version": 3,
  "Meta": {
    "Duration": 2.533,
    "Fps": 60.0,
    "Loop": true,
    "AreBeziersRestricted": true,
    "CurveCount": 61,
    "UserDataCount": 2,
    "TotalSegmentCount": 193,
    "TotalPointCount": 207,
    "TotalUserDataSize": 38
  },
  "Curves": [
    {
      "Target": "Parameter",
      "Id": "ParamPositionY",
      "Segments": [
        0,
        0,
        0,
        0.5,
        1,
        0,
        1.2,
        -1,
        0,
        1.867,
        0,
        2,
        2.533,
        0
      ]
    },
    {
      "Target": "Parameter",
      "Id": "ParamAngleX",
      "Segments": [
        0,
        0,
        0,
        0.083,
        0,
        0,
        0.6,
        -2,
        0,
        1.333,
        3,
        0,
        2,
        2,
        2,
        2.533,
        2
      ]
    },
    {
      "Target": "Parameter",
      "Id": "ParamAngleY",
      "Segments": [
        0,
        0,
        0,
        0.1,
        0,
        0,
        0.617,
        5,
        0,
        1.35,
        -4,
        0,
        2.017,
        -1,
        2,
        2.533,
        -1
      ]
    },
    {
      "Target": "Parameter",
      "Id": "ParamAngleZ",
      "Segments": [
        0,
        6,
        0,
        0.117,
        6,
        0,
        0.633,
        -6,
        1,
        0.689,
        -6,
        0.744,
        -6.686,
        0.8,
        -5,
        1,
        0.989,
        0.733,
        1.178,
        12.0,
        1.367,
        12,
        0,
        2.033,
        10,
        2,
        2.533,
        10
      ]
    },
    {
      "Target": "Parameter",
      "Id": "ParamEyeROpen",
      "Segments": [
        0,
        1,
        0,
        0.15,
        1,
        0,
        0.35,
        0,
        0,
        0.583,
        1,
        2,
        1,
        1,
        0,
        1.267,
        0,
        0,
        1.567,
        1,
        2,
        2.533,
        1
      ]
    },
    {
      "Target": "Parameter",
      "Id": "ParamEyeLOpen",
      "Segments": [
        0,
        1,
        0,
        0.15,
        1,
        0,
        0.35,
        0,
        0,
        0.583,
        1,
        2,
        1,
        1,
        0,
        1.267,
        0,
        0,
        1.567,
        1,
        2,
        2.533,
        1
      ]
    },
    {
      "Target": "Parameter",
      "Id": "ParamBodyAngleY",
      "Segments": [
        0,
        0,
        0,
        0.5,
        1,
        0,
        1.2,
        -1,
        0,
        1.867,
        0,
        2,
        2.533,
        0
      ]
    },
    {
      "Target": "Parameter",
      "Id": "ParamBodyAngleZ",
      "Segments": [
        0,
        3,
        0,
        0.5,
        2,
        1,
        0.733,
        0.646,
        0.967,
        -1.0,
        1.2,
        -1,
        0,
        1.867,
        0,
        2,
        2.533,
        0
      ]
    },
    {
      "Target": "Parameter",
      "Id": "ParamUpperBodyZ",
      "Segments": [
        0,
        -6,
        0,
        0.033,
        -6,
        1,
        0.2,
        -6,
        0.366,
        -6.306,
        0.533,
        -5,
        1,
        0.766,
        -3.172,
        1.0,
        4.0,
        1.233,
        4,
        0,
        1.9,
        2,
        2,
        2.533,
        2
      ]
    },
    {
      "Target": "Parameter",
      "Id": "ParamShoulderR",
      "Segments": [
        0,
        4,
        0,
        0.5,
        7,
        2,
        2.533,
        7
      ]
    },
    {
      "Target": "Parameter",
      "Id": "ParamArmR1",
      "Segments": [
        0,
        -36,
        0,
        0.033,
        -36,
        0,
        0.533,
        -33,
        0,
        1.233,
        -38,
        0,
        1.9,
        -36,
        2,
        2.533,
        -36
      ]
    },
    {
      "Target": "Parameter",
      "Id": "ParamArmR3",
      "Segments": [
        0,
        -25,
        0,
        0.033,
        -25,
        0,
        0.533,
        -20,
        0,
        1.233,
        -25,
        2,
        2.533,
        -25
      ]
    },
    {
      "Target": "Parameter",
      "Id": "ParamArmR4",
      "Segments": [
        0,
        3,
        0,
        0.033,
        3,
        0,
        0.533,
        10,
        0,
        1.233,
        0,
        0,
        1.9,
        3,
        2,
        2.533,
        3
      ]
    },
    {
      "Target": "Parameter",
      "Id": "ParamFingerR",
      "Segments": [
        0,
        0,
        0,
        0.583,
        7,
        0,
        1.317,
        -5,
        0,
        1.95,
        0,
        2,
        2.533,
        0
      ]
    },
    {
      "Target": "Parameter",
      "Id": "ParamShoulderL",
      "Segments": [
        0,
        0,
        0,
        0.05,
        0,
        1,
        0.217,
        0,
        0.383,
        2.701,
        0.55,
        4,
        1,
        0.783,
        5.818,
        1.017,
        6.0,
        1.25,
        6,
        2,
        1.917,
        6,
        2,
        2.533,
        6
      ]
    },
    {
      "Target": "Parameter",
      "Id": "ParamArmL1",
      "Segments": [
        0,
        -41,
        0,
        0.05,
        -41,
        0,
        0.55,
        -39,
        2,
        1.25,
        -39,
        2,
        1.917,
        -39,
        2,
        2.533,
        -39
      ]
    },
    {
      "Target": "Parameter",
      "Id": "ParamArmL3",
      "Segments": [
        0,
        -29,
        0,
        0.05,
        -29,
        0,
        0.55,
        -23,
        0,
        1.25,
        -29,
        2,
        2.533,
        -29
      ]
    },
    {
      "Target": "Parameter",
      "Id": "ParamArmL4",
      "Segments": [
        0,
        2,
        0,
        0.05,
        2,
        0,
        0.55,
        8,
        0,
        1.25,
        0,
        2,
        1.917,
        0,
        2,
        2.533,
        0
      ]
    },
    {
      "Target": "Parameter",
      "Id": "ParamFingerL",
      "Segments": [
        0,
        0,
        0,
        0.583,
        8,
        0,
        1.317,
        -5,
        0,
        1.95,
        0,
        2,
        2.533,
        0
      ]
    },
    {
      "Target": "Parameter",
      "Id": "ParamPositionX",
      "Segments": [
        0,
        0,
        0,
        2.533,
        0
      ]
    },
    {
      "Target": "Parameter",
      "Id": "ParamRotationZ",
      "Segments": [
        0,
        0,
        0,
        2.533,
        0
      ]
    },
    {
      "Target": "Parameter",
      "Id": "ParamEyeballX",
      "Segments": [
        0,
        0,
        0,
        2.533,
        0
      ]
    },
    {
      "Target": "Parameter",
      "Id": "ParamBodyAngleX",
      "Segments": [
        0,
        0,
        0,
        2.533,
        0
      ]
    },
    {
      "Target": "Parameter",
      "Id": "ParamUpperBody",
      "Segments": [
        0,
        0,
        0,
        2.533,
        0
      ]
    },
    {
      "Target": "Parameter",
      "Id": "ParamBreath",
      "Segments": [
        0,
        0,
        0,
        2.533,
        0
      ]
    },
    {
      "Target": "Parameter",
      "Id": "ParamLegLZ",
      "Segments": [
        0,
        4,
        0,
        2.533,
        4
      ]
    },
    {
      "Target": "Parameter",
      "Id": "ParamLegRZ",
      "Segments": [
        0,
        -2,
        0,
        2.533,
        -2
      ]
    },
    {
      "Target": "Parameter",
      "Id": "ParamArmR2",
      "Segments": [
        0,
        42,
        0,
        2.533,
        42
      ]
    },
    {
      "Target": "Parameter",
      "Id": "ParamArmR5",
      "Segments": [
        0,
        9,
        0,
        2.533,
        9
      ]
    },
    {
      "Target": "Parameter",
      "Id": "ParamArmR6",
      "Segments": [
        0,
        1.1,
        0,
        2.533,
        1.1
      ]
    },
    {
      "Target": "Parameter",
      "Id": "ParamArmR7",
      "Segments": [
        0,
        -4,
        0,
        2.533,
        -4
      ]
    },
    {
      "Target": "Parameter",
      "Id": "ParamArmR8",
      "Segments": [
        0,
        -17,
        0,
        2.533,
        -17
      ]
    },
    {
      "Target": "Parameter",
      "Id": "ParamArmR9",
      "Segments": [
        0,
        0.8,
        0,
        2.533,
        0.8
      ]
    },
    {
      "Target": "Parameter",
      "Id": "ParamHandRA",
      "Segments": [
        0,
        0,
        0,
        2.533,
        0
      ]
    },
    {
      "Target": "Parameter",
      "Id": "ParamHandRB",
      "Segments": [
        0,
        0,
        0,
        2.533,
        0
      ]
    },
    {
      "Target": "Parameter",
      "Id": "ParamHandRC",
      "Segments": [
        0,
        0,
        0,
        2.533,
        0
      ]
    },
    {
      "Target": "Parameter",
      "Id": "ParamHandRD",
      "Segments": [
        0,
        0,
        0,
        2.533,
        0
      ]
    },
    {
      "Target": "Parameter",
      "Id": "ParamHandRE",
      "Segments": [
        0,
        0,
        0,
        2.533,
        0
      ]
    },
    {
      "Target": "Parameter",
      "Id": "ParamHandRF",
      "Segments": [
        0,
        1,
        0,
        2.533,
        1
      ]
    },
    {
      "Target": "Parameter",
      "Id": "ParamHandRG",
      "Segments": [
        0,
        0,
        0,
        2.533,
        0
      ]
    },
    {
      "Target": "Parameter",
      "Id": "ParamHandRH",
      "Segments": [
        0,
        0,
        0,
        2.533,
        0
      ]
    },
    {
      "Target": "Parameter",
      "Id": "ParamHandRI",
      "Segments": [
        0,
        0,
        0,
        2.533,
        0
      ]
    },
    {
      "Target": "Parameter",
      "Id": "ParamHandRJ",
      "Segments": [
        0,
        0,
        0,
        2.533,
        0
      ]
    },
    {
      "Target": "Parameter",
      "Id": "ParamHandRK",
      "Segments": [
        0,
        0,
        0,
        2.533,
        0
      ]
    },
    {
      "Target": "Parameter",
      "Id": "ParamArmL2",
      "Segments": [
        0,
        42,
        0,
        2.533,
        42
      ]
    },
    {
      "Target": "Parameter",
      "Id": "ParamArmL5",
      "Segments": [
        0,
        9,
        0,
        2.533,
        9
      ]
    },
    {
      "Target": "Parameter",
      "Id": "ParamArmL6",
      "Segments": [
        0,
        1,
        0,
        2.533,
        1
      ]
    },
    {
      "Target": "Parameter",
      "Id": "ParamArmL7",
      "Segments": [
        0,
        -4,
        0,
        2.533,
        -4
      ]
    },
    {
      "Target": "Parameter",
      "Id": "ParamArmL8",
      "Segments": [
        0,
        -24,
        0,
        2.533,
        -24
      ]
    },
    {
      "Target": "Parameter",
      "Id": "ParamArmL9",
      "Segments": [
        0,
        0.8,
        0,
        2.533,
        0.8
      ]
    },
    {
      "Target": "Parameter",
      "Id": "ParamHandLA",
      "Segments": [
        0,
        0,
        0,
        2.533,
        0
      ]
    },
    {
      "Target": "Parameter",
      "Id": "ParamHandLB",
      "Segments": [
        0,
        0,
        0,
        2.533,
        0
      ]
    },
    {
      "Target": "Parameter",
      "Id": "ParamHandLC",
      "Segments": [
        0,
        0,
        0,
        2.533,
        0
      ]
    },
    {
      "Target": "Parameter",
      "Id": "ParamHandLD",
      "Segments": [
        0,
        0,
        0,
        2.533,
        0
      ]
    },
    {
      "Target": "Parameter",
      "Id": "ParamHandLE",
      "Segments": [
        0,
        0,
        0,
        2.533,
        0
      ]
    },
    {
      "Target": "Parameter",
      "Id": "ParamHandLF",
      "Segments": [
        0,
        1,
        0,
        2.533,
        1
      ]
    },
    {
      "Target": "Parameter",
      "Id": "ParamHandLG",
      "Segments": [
        0,
        0,
        0,
        2.533,
        0
      ]
    },
    {
      "Target": "Parameter",
      "Id": "ParamHandLH",
      "Segments": [
        0,
        0,
        0,
        2.533,
        0
      ]
    },
    {
      "Target": "Parameter",
      "Id": "ParamHandLI",
      "Segments": [
        0,
        0,
        0,
        2.533,
        0
      ]
    },
    {
      "Target": "Parameter",
      "Id": "ParamHandLJ",
      "Segments": [
        0,
        0,
        0,
        2.533,
        0
      ]
    },
    {
      "Target": "Parameter",
      "Id": "ParamHandLK",
      "Segments": [
        0,
        0,
        0,
        2.533,
        0
      ]
    }
  ],
  "UserData": [
    {
      "Time": 0.15,
      "Value": "eyeblink,0.2,0,0.24"
    },
    {
      "Time": 1,
      "Value": "eyeblink,0.2,0,0.24"
    }
  ]
}