{
  "Version": 3,
  "Meta": {
    "Duration": 2.183,
    "Fps": 60.0,
    "Loop": true,
    "AreBeziersRestricted": true,
    "CurveCount": 141,
    "UserDataCount": 0,
    "TotalSegmentCount": 1172,
    "TotalPointCount": 1172,
    "TotalUserDataSize": 0
  },
  "Curves": [
    {
      "Target": "Parameter",
      "Id": "ParamPositionX",
      "Segments": [
        0,
        0,
        0,
        2.183,
        0
      ]
    },
    {
      "Target": "Parameter",
      "Id": "ParamPositionY",
      "Segments": [
        0,
        0,
        0,
        0.017,
        0.007,
        2,
        0.033,
        0.028,
        2,
        0.05,
        0.061,
        2,
        0.067,
        0.104,
        2,
        0.083,
        0.156,
        2,
        0.1,
        0.216,
        2,
        0.117,
        0.281,
        2,
        0.133,
        0.353,
        2,
        0.15,
        0.426,
        2,
        0.167,
        0.5,
        2,
        0.183,
        0.574,
        2,
        0.2,
        0.647,
        2,
        0.217,
        0.719,
        2,
        0.233,
        0.784,
        2,
        0.25,
        0.844,
        2,
        0.267,
        0.896,
        2,
        0.283,
        0.939,
        2,
        0.3,
        0.972,
        2,
        0.317,
        0.993,
        2,
        0.333,
        1,
        2,
        0.567,
        0.996,
        2,
        0.583,
        0.985,
        2,
        0.6,
        0.968,
        2,
        0.617,
        0.945,
        2,
        0.633,
        0.916,
        2,
        0.65,
        0.882,
        2,
        0.667,
        0.844,
        2,
        0.683,
        0.802,
        2,
        0.7,
        0.757,
        2,
        0.717,
        0.708,
        2,
        0.733,
        0.659,
        2,
        0.75,
        0.606,
        2,
        0.767,
        0.553,
        2,
        0.783,
        0.5,
        2,
        0.8,
        0.447,
        2,
        0.817,
        0.394,
        2,
        0.833,
        0.341,
        2,
        0.85,
        0.292,
        2,
        0.867,
        0.243,
        2,
        0.883,
        0.198,
        2,
        0.9,
        0.156,
        2,
        0.917,
        0.118,
        2,
        0.933,
        0.084,
        2,
        0.95,
        0.055,
        2,
        0.967,
        0.032,
        2,
        0.983,
        0.015,
        2,
        1,
        0.004,
        2,
        1.017,
        0,
        2,
        2.183,
        0
      ]
    },
    {
      "Target": "Parameter",
      "Id": "ParamRotationZ",
      "Segments": [
        0,
        0,
        0,
        2.183,
        0
      ]
    },
    {
      "Target": "Parameter",
      "Id": "ParamAngleX",
      "Segments": [
        0,
        4,
        0,
        2.183,
        4
      ]
    },
    {
      "Target": "Parameter",
      "Id": "ParamAngleY",
      "Segments": [
        0,
        -30,
        0,
        0.133,
        -29.646,
        2,
        0.15,
        -28.629,
        2,
        0.167,
        -26.985,
        2,
        0.183,
        -24.834,
        2,
        0.2,
        -22.221,
        2,
        0.217,
        -19.16,
        2,
        0.233,
        -15.82,
        2,
        0.25,
        -12.218,
        2,
        0.267,
        -8.423,
        2,
        0.283,
        -4.501,
        2,
        0.3,
        -0.518,
        2,
        0.317,
        3.524,
        2,
        0.333,
        7.425,
        2,
        0.35,
        11.186,
        2,
        0.367,
        14.796,
        2,
        0.383,
        18.069,
        2,
        0.4,
        21,
        2,
        0.417,
        22.859,
        2,
        0.433,
        23.374,
        2,
        0.45,
        23.203,
        2,
        0.467,
        23,
        2,
        0.483,
        22.85,
        2,
        0.5,
        22.417,
        2,
        0.517,
        21.726,
        2,
        0.533,
        20.801,
        2,
        0.55,
        19.666,
        2,
        0.567,
        18.347,
        2,
        0.583,
        16.868,
        2,
        0.6,
        15.254,
        2,
        0.617,
        13.529,
        2,
        0.633,
        11.718,
        2,
        0.65,
        9.869,
        2,
        0.667,
        7.96,
        2,
        0.683,
        6.04,
        2,
        0.7,
        4.131,
        2,
        0.717,
        2.282,
        2,
        0.733,
        0.471,
        2,
        0.75,
        -1.254,
        2,
        0.767,
        -2.868,
        2,
        0.783,
        -4.347,
        2,
        0.8,
        -5.666,
        2,
        0.817,
        -6.801,
        2,
        0.833,
        -7.726,
        2,
        0.85,
        -8.417,
        2,
        0.867,
        -8.85,
        2,
        0.883,
        -9,
        2,
        2.183,
        -9
      ]
    },
    {
      "Target": "Parameter",
      "Id": "ParamAngleZ",
      "Segments": [
        0,
        0,
        0,
        0.017,
        -0.08,
        2,
        0.033,
        -0.294,
        2,
        0.05,
        -0.625,
        2,
        0.067,
        -1.041,
        2,
        0.083,
        -1.501,
        2,
        0.1,
        -2,
        2,
        0.117,
        -2.499,
        2,
        0.133,
        -2.959,
        2,
        0.15,
        -3.375,
        2,
        0.167,
        -3.706,
        2,
        0.183,
        -3.92,
        2,
        0.2,
        -4,
        2,
        0.217,
        -3.994,
        2,
        0.233,
        -3.975,
        2,
        0.25,
        -3.944,
        2,
        0.267,
        -3.903,
        2,
        0.283,
        -3.85,
        2,
        0.3,
        -3.788,
        2,
        0.317,
        -3.717,
        2,
        0.333,
        -3.636,
        2,
        0.35,
        -3.547,
        2,
        0.367,
        -3.452,
        2,
        0.383,
        -3.348,
        2,
        0.4,
        -3.238,
        2,
        0.417,
        -3.125,
        2,
        0.433,
        -3.004,
        2,
        0.45,
        -2.88,
        2,
        0.467,
        -2.751,
        2,
        0.483,
        -2.618,
        2,
        0.5,
        -2.485,
        2,
        0.517,
        -2.347,
        2,
        0.533,
        -2.208,
        2,
        0.55,
        -2.07,
        2,
        0.567,
        -1.93,
        2,
        0.583,
        -1.792,
        2,
        0.6,
        -1.653,
        2,
        0.617,
        -1.515,
        2,
        0.633,
        -1.382,
        2,
        0.65,
        -1.249,
        2,
        0.667,
        -1.12,
        2,
        0.683,
        -0.996,
        2,
        0.7,
        -0.875,
        2,
        0.717,
        -0.762,
        2,
        0.733,
        -0.652,
        2,
        0.75,
        -0.548,
        2,
        0.767,
        -0.453,
        2,
        0.783,
        -0.364,
        2,
        0.8,
        -0.283,
        2,
        0.817,
        -0.212,
        2,
        0.833,
        -0.15,
        2,
        0.85,
        -0.097,
        2,
        0.867,
        -0.056,
        2,
        0.883,
        -0.025,
        2,
        0.9,
        -0.006,
        2,
        0.917,
        0,
        2,
        2.183,
        0
      ]
    },
    {
      "Target": "Parameter",
      "Id": "ParamEyeROpen",
      "Segments": [
        0,
        0.8,
        0,
        0.017,
        0.766,
        2,
        0.033,
        0.675,
        2,
        0.05,
        0.547,
        2,
        0.067,
        0.4,
        2,
        0.083,
        0.253,
        2,
        0.1,
        0.125,
        2,
        0.117,
        0.034,
        2,
        0.133,
        0,
        2,
        0.15,
        0.02,
        2,
        0.167,
        0.074,
        2,
        0.183,
        0.156,
        2,
        0.2,
        0.26,
        2,
        0.217,
        0.375,
        2,
        0.233,
        0.5,
        2,
        0.25,
        0.625,
        2,
        0.267,
        0.74,
        2,
        0.283,
        0.844,
        2,
        0.3,
        0.926,
        2,
        0.317,
        0.98,
        2,
        0.333,
        1,
        2,
        0.35,
        1,
        2,
        0.367,
        0.999,
        2,
        0.383,
        0.998,
        2,
        0.4,
        0.996,
        2,
        0.417,
        0.994,
        2,
        0.433,
        0.992,
        2,
        0.45,
        0.989,
        2,
        0.467,
        0.986,
        2,
        0.483,
        0.983,
        2,
        0.5,
        0.979,
        2,
        0.517,
        0.975,
        2,
        0.533,
        0.971,
        2,
        0.55,
        0.967,
        2,
        0.567,
        0.963,
        2,
        0.583,
        0.959,
        2,
        0.6,
        0.954,
        2,
        0.617,
        0.95,
        2,
        0.633,
        0.946,
        2,
        0.65,
        0.941,
        2,
        0.667,
        0.937,
        2,
        0.683,
        0.933,
        2,
        0.7,
        0.929,
        2,
        0.717,
        0.925,
        2,
        0.733,
        0.921,
        2,
        0.75,
        0.917,
        2,
        0.767,
        0.914,
        2,
        0.783,
        0.911,
        2,
        0.8,
        0.908,
        2,
        0.817,
        0.906,
        2,
        0.833,
        0.904,
        2,
        0.85,
        0.902,
        2,
        0.867,
        0.901,
        2,
        0.883,
        0.9,
        2,
        0.9,
        0.9,
        2,
        2.183,
        0.9
      ]
    },
    {
      "Target": "Parameter",
      "Id": "ParamEyeRSmile",
      "Segments": [
        0,
        0,
        0,
        2.183,
        0
      ]
    },
    {
      "Target": "Parameter",
      "Id": "ParamEyeRForm",
      "Segments": [
        0,
        0,
        0,
        2.183,
        0
      ]
    },
    {
      "Target": "Parameter",
      "Id": "ParamEyeLOpen",
      "Segments": [
        0,
        0.8,
        0,
        0.017,
        0.766,
        2,
        0.033,
        0.675,
        2,
        0.05,
        0.547,
        2,
        0.067,
        0.4,
        2,
        0.083,
        0.253,
        2,
        0.1,
        0.125,
        2,
        0.117,
        0.034,
        2,
        0.133,
        0,
        2,
        0.15,
        0.02,
        2,
        0.167,
        0.074,
        2,
        0.183,
        0.156,
        2,
        0.2,
        0.26,
        2,
        0.217,
        0.375,
        2,
        0.233,
        0.5,
        2,
        0.25,
        0.625,
        2,
        0.267,
        0.74,
        2,
        0.283,
        0.844,
        2,
        0.3,
        0.926,
        2,
        0.317,
        0.98,
        2,
        0.333,
        1,
        2,
        0.35,
        1,
        2,
        0.367,
        0.999,
        2,
        0.383,
        0.998,
        2,
        0.4,
        0.996,
        2,
        0.417,
        0.994,
        2,
        0.433,
        0.992,
        2,
        0.45,
        0.989,
        2,
        0.467,
        0.986,
        2,
        0.483,
        0.983,
        2,
        0.5,
        0.979,
        2,
        0.517,
        0.975,
        2,
        0.533,
        0.971,
        2,
        0.55,
        0.967,
        2,
        0.567,
        0.963,
        2,
        0.583,
        0.959,
        2,
        0.6,
        0.954,
        2,
        0.617,
        0.95,
        2,
        0.633,
        0.946,
        2,
        0.65,
        0.941,
        2,
        0.667,
        0.937,
        2,
        0.683,
        0.933,
        2,
        0.7,
        0.929,
        2,
        0.717,
        0.925,
        2,
        0.733,
        0.921,
        2,
        0.75,
        0.917,
        2,
        0.767,
        0.914,
        2,
        0.783,
        0.911,
        2,
        0.8,
        0.908,
        2,
        0.817,
        0.906,
        2,
        0.833,
        0.904,
        2,
        0.85,
        0.902,
        2,
        0.867,
        0.901,
        2,
        0.883,
        0.9,
        2,
        0.9,
        0.9,
        2,
        2.183,
        0.9
      ]
    },
    {
      "Target": "Parameter",
      "Id": "ParamEyeLSmile",
      "Segments": [
        0,
        0,
        0,
        2.183,
        0
      ]
    },
    {
      "Target": "Parameter",
      "Id": "ParamEyeLForm",
      "Segments": [
        0,
        0,
        0,
        2.183,
        0
      ]
    },
    {
      "Target": "Parameter",
      "Id": "ParamEyeballX",
      "Segments": [
        0,
        0,
        0,
        2.183,
        0
      ]
    },
    {
      "Target": "Parameter",
      "Id": "ParamEyeballY",
      "Segments": [
        0,
        -0.3,
        0,
        0.017,
        -0.3,
        2,
        0.033,
        -0.3,
        2,
        0.067,
        -0.3,
        2,
        0.083,
        -0.3,
        2,
        0.15,
        -0.294,
        2,
        0.167,
        -0.278,
        2,
        0.183,
        -0.253,
        2,
        0.2,
        -0.222,
        2,
        0.217,
        -0.187,
        2,
        0.233,
        -0.15,
        2,
        0.25,
        -0.113,
        2,
        0.267,
        -0.078,
        2,
        0.283,
        -0.047,
        2,
        0.3,
        -0.022,
        2,
        0.317,
        -0.006,
        2,
        0.333,
        0,
        2,
        0.517,
        0,
        2,
        0.533,
        -0.001,
        2,
        0.55,
        -0.002,
        2,
        0.567,
        -0.004,
        2,
        0.583,
        -0.006,
        2,
        0.6,
        -0.008,
        2,
        0.617,
        -0.011,
        2,
        0.633,
        -0.016,
        2,
        0.65,
        -0.02,
        2,
        0.667,
        -0.026,
        2,
        0.683,
        -0.033,
        2,
        0.7,
        -0.042,
        2,
        0.717,
        -0.051,
        2,
        0.733,
        -0.062,
        2,
        0.75,
        -0.074,
        2,
        0.767,
        -0.088,
        2,
        0.783,
        -0.104,
        2,
        0.8,
        -0.121,
        2,
        0.817,
        -0.14,
        2,
        0.833,
        -0.161,
        2,
        0.85,
        -0.185,
        2,
        0.867,
        -0.21,
        2,
        0.883,
        -0.238,
        2,
        0.9,
        -0.268,
        2,
        0.917,
        -0.3,
        2,
        2.183,
        -0.3
      ]
    },
    {
      "Target": "Parameter",
      "Id": "ParamEyeSize",
      "Segments": [
        0,
        0,
        0,
        2.183,
        0
      ]
    },
    {
      "Target": "Parameter",
      "Id": "ParamEyeTeary",
      "Segments": [
        0,
        0,
        0,
        2.183,
        0
      ]
    },
    {
      "Target": "Parameter",
      "Id": "ParamTear",
      "Segments": [
        0,
        0,
        0,
        2.183,
        0
      ]
    },
    {
      "Target": "Parameter",
      "Id": "ParamBodyAngleX",
      "Segments": [
        0,
        0,
        0,
        2.183,
        0
      ]
    },
    {
      "Target": "Parameter",
      "Id": "ParamBodyAngleY",
      "Segments": [
        0,
        -7,
        0,
        0.017,
        -7.11,
        2,
        0.033,
        -7.395,
        2,
        0.05,
        -7.79,
        2,
        0.067,
        -8.21,
        2,
        0.083,
        -8.605,
        2,
        0.1,
        -8.89,
        2,
        0.117,
        -9,
        2,
        2.183,
        -9
      ]
    },
    {
      "Target": "Parameter",
      "Id": "ParamBodyAngleZ",
      "Segments": [
        0,
        -1,
        0,
        2.183,
        -1
      ]
    },
    {
      "Target": "Parameter",
      "Id": "ParamUpperBodyZ",
      "Segments": [
        0,
        0,
        0,
        2.183,
        0
      ]
    },
    {
      "Target": "Parameter",
      "Id": "ParamUpperBody",
      "Segments": [
        0,
        -10,
        0,
        0.15,
        -9.864,
        2,
        0.167,
        -9.498,
        2,
        0.183,
        -8.925,
        2,
        0.2,
        -8.197,
        2,
        0.217,
        -7.377,
        2,
        0.233,
        -6.468,
        2,
        0.25,
        -5.533,
        2,
        0.267,
        -4.635,
        2,
        0.283,
        -3.776,
        2,
        0.3,
        -3.02,
        2,
        0.317,
        -2.424,
        2,
        0.333,
        -2,
        2,
        0.35,
        -1.717,
        2,
        0.367,
        -1.498,
        2,
        0.383,
        -1.327,
        2,
        0.4,
        -1.204,
        2,
        0.417,
        -1.117,
        2,
        0.433,
        -1.064,
        2,
        0.45,
        -1.034,
        2,
        0.467,
        -1.023,
        2,
        0.483,
        -1.024,
        2,
        0.5,
        -1.029,
        2,
        0.517,
        -1.032,
        2,
        0.533,
        -1.045,
        2,
        0.55,
        -1.084,
        2,
        0.567,
        -1.148,
        2,
        0.583,
        -1.232,
        2,
        0.6,
        -1.337,
        2,
        0.617,
        -1.461,
        2,
        0.633,
        -1.598,
        2,
        0.65,
        -1.753,
        2,
        0.667,
        -1.919,
        2,
        0.683,
        -2.094,
        2,
        0.7,
        -2.279,
        2,
        0.717,
        -2.472,
        2,
        0.733,
        -2.666,
        2,
        0.75,
        -2.864,
        2,
        0.767,
        -3.067,
        2,
        0.783,
        -3.265,
        2,
        0.8,
        -3.459,
        2,
        0.817,
        -3.651,
        2,
        0.833,
        -3.837,
        2,
        0.85,
        -4.012,
        2,
        0.867,
        -4.178,
        2,
        0.883,
        -4.332,
        2,
        0.9,
        -4.47,
        2,
        0.917,
        -4.594,
        2,
        0.933,
        -4.699,
        2,
        0.95,
        -4.783,
        2,
        0.967,
        -4.846,
        2,
        0.983,
        -4.886,
        2,
        1,
        -4.899,
        2,
        2.183,
        -4.899
      ]
    },
    {
      "Target": "Parameter",
      "Id": "ParamBreath",
      "Segments": [
        0,
        0,
        0,
        2.183,
        0
      ]
    },
    {
      "Target": "Parameter",
      "Id": "ParamLegLZ",
      "Segments": [
        0,
        1,
        0,
        2.183,
        1
      ]
    },
    {
      "Target": "Parameter",
      "Id": "ParamLegRZ",
      "Segments": [
        0,
        1,
        0,
        2.183,
        1
      ]
    },
    {
      "Target": "Parameter",
      "Id": "ParamShoulderR",
      "Segments": [
        0,
        2,
        0,
        0.017,
        2.207,
        2,
        0.033,
        2.76,
        2,
        0.05,
        3.561,
        2,
        0.067,
        4.51,
        2,
        0.083,
        5.49,
        2,
        0.1,
        6.439,
        2,
        0.117,
        7.24,
        2,
        0.133,
        7.793,
        2,
        0.15,
        8,
        2,
        0.167,
        7.991,
        2,
        0.183,
        7.963,
        2,
        0.2,
        7.917,
        2,
        0.217,
        7.854,
        2,
        0.233,
        7.776,
        2,
        0.25,
        7.681,
        2,
        0.267,
        7.573,
        2,
        0.283,
        7.45,
        2,
        0.3,
        7.314,
        2,
        0.317,
        7.166,
        2,
        0.333,
        7.009,
        2,
        0.35,
        6.839,
        2,
        0.367,
        6.659,
        2,
        0.383,
        6.469,
        2,
        0.4,
        6.274,
        2,
        0.417,
        6.069,
        2,
        0.433,
        5.856,
        2,
        0.45,
        5.638,
        2,
        0.467,
        5.414,
        2,
        0.483,
        5.185,
        2,
        0.5,
        4.953,
        2,
        0.517,
        4.717,
        2,
        0.533,
        4.479,
        2,
        0.55,
        4.24,
        2,
        0.567,
        4,
        2,
        0.583,
        3.76,
        2,
        0.6,
        3.521,
        2,
        0.617,
        3.283,
        2,
        0.633,
        3.047,
        2,
        0.65,
        2.815,
        2,
        0.667,
        2.586,
        2,
        0.683,
        2.362,
        2,
        0.7,
        2.144,
        2,
        0.717,
        1.931,
        2,
        0.733,
        1.726,
        2,
        0.75,
        1.531,
        2,
        0.767,
        1.341,
        2,
        0.783,
        1.161,
        2,
        0.8,
        0.991,
        2,
        0.817,
        0.834,
        2,
        0.833,
        0.686,
        2,
        0.85,
        0.55,
        2,
        0.867,
        0.427,
        2,
        0.883,
        0.319,
        2,
        0.9,
        0.224,
        2,
        0.917,
        0.146,
        2,
        0.933,
        0.083,
        2,
        0.95,
        0.037,
        2,
        0.967,
        0.009,
        2,
        0.983,
        0,
        2,
        2.183,
        0
      ]
    },
    {
      "Target": "Parameter",
      "Id": "ParamArmR1",
      "Segments": [
        0,
        -32.69,
        0,
        0.017,
        -32.613,
        2,
        0.033,
        -32.386,
        2,
        0.05,
        -32.005,
        2,
        0.067,
        -31.492,
        2,
        0.083,
        -30.822,
        2,
        0.1,
        -30.023,
        2,
        0.117,
        -29.09,
        2,
        0.133,
        -27.979,
        2,
        0.15,
        -26.779,
        2,
        0.167,
        -25.561,
        2,
        0.183,
        -24.482,
        2,
        0.2,
        -23.688,
        2,
        0.217,
        -23.27,
        2,
        0.233,
        -23.105,
        2,
        0.25,
        -22.958,
        2,
        0.267,
        -22.827,
        2,
        0.283,
        -22.71,
        2,
        0.3,
        -22.605,
        2,
        0.317,
        -22.507,
        2,
        0.333,
        -22.415,
        2,
        0.35,
        -22.327,
        2,
        0.367,
        -22.24,
        2,
        0.383,
        -22.181,
        2,
        0.4,
        -22.126,
        2,
        0.417,
        -22.072,
        2,
        0.433,
        -22.021,
        2,
        0.45,
        -21.975,
        2,
        0.467,
        -21.932,
        2,
        0.483,
        -21.894,
        2,
        0.5,
        -21.862,
        2,
        0.517,
        -21.836,
        2,
        0.533,
        -21.816,
        2,
        0.55,
        -21.804,
        2,
        0.567,
        -21.8,
        2,
        0.583,
        -21.843,
        2,
        0.6,
        -21.966,
        2,
        0.617,
        -22.167,
        2,
        0.633,
        -22.428,
        2,
        0.65,
        -22.747,
        2,
        0.667,
        -23.113,
        2,
        0.683,
        -23.521,
        2,
        0.7,
        -23.97,
        2,
        0.717,
        -24.436,
        2,
        0.733,
        -24.918,
        2,
        0.75,
        -25.41,
        2,
        0.767,
        -25.902,
        2,
        0.783,
        -26.396,
        2,
        0.8,
        -26.866,
        2,
        0.817,
        -27.313,
        2,
        0.833,
        -27.73,
        2,
        0.85,
        -28.107,
        2,
        0.867,
        -28.443,
        2,
        0.883,
        -28.718,
        2,
        0.9,
        -28.93,
        2,
        0.917,
        -29.033,
        2,
        0.933,
        -29.132,
        2,
        0.95,
        -29.226,
        2,
        0.967,
        -29.315,
        2,
        0.983,
        -29.4,
        2,
        1,
        -29.48,
        2,
        1.017,
        -29.556,
        2,
        1.033,
        -29.627,
        2,
        1.05,
        -29.695,
        2,
        1.067,
        -29.759,
        2,
        1.083,
        -29.819,
        2,
        1.1,
        -29.875,
        2,
        1.117,
        -29.927,
        2,
        1.133,
        -29.976,
        2,
        1.15,
        -30.021,
        2,
        1.167,
        -30.063,
        2,
        1.183,
        -30.101,
        2,
        1.2,
        -30.136,
        2,
        1.217,
        -30.169,
        2,
        1.233,
        -30.198,
        2,
        1.25,
        -30.224,
        2,
        1.267,
        -30.248,
        2,
        1.283,
        -30.27,
        2,
        1.3,
        -30.288,
        2,
        1.317,
        -30.304,
        2,
        1.333,
        -30.318,
        2,
        1.35,
        -30.33,
        2,
        1.367,
        -30.34,
        2,
        1.383,
        -30.347,
        2,
        1.4,
        -30.353,
        2,
        1.417,
        -30.357,
        2,
        1.433,
        -30.359,
        2,
        1.45,
        -30.36,
        2,
        2.183,
        -30.36
      ]
    },
    {
      "Target": "Parameter",
      "Id": "ParamArmR2",
      "Segments": [
        0,
        41,
        0,
        0.017,
        41.009,
        2,
        0.033,
        41.035,
        2,
        0.05,
        41.077,
        2,
        0.067,
        41.132,
        2,
        0.083,
        41.203,
        2,
        0.1,
        41.284,
        2,
        0.117,
        41.375,
        2,
        0.133,
        41.476,
        2,
        0.15,
        41.584,
        2,
        0.167,
        41.701,
        2,
        0.183,
        41.819,
        2,
        0.2,
        41.945,
        2,
        0.217,
        42.072,
        2,
        0.233,
        42.2,
        2,
        0.25,
        42.328,
        2,
        0.267,
        42.455,
        2,
        0.283,
        42.581,
        2,
        0.3,
        42.699,
        2,
        0.317,
        42.816,
        2,
        0.333,
        42.924,
        2,
        0.35,
        43.025,
        2,
        0.367,
        43.116,
        2,
        0.383,
        43.197,
        2,
        0.4,
        43.268,
        2,
        0.417,
        43.323,
        2,
        0.433,
        43.365,
        2,
        0.45,
        43.391,
        2,
        0.467,
        43.4,
        2,
        0.483,
        43.391,
        2,
        0.5,
        43.364,
        2,
        0.517,
        43.32,
        2,
        0.533,
        43.263,
        2,
        0.55,
        43.192,
        2,
        0.567,
        43.109,
        2,
        0.583,
        43.017,
        2,
        0.6,
        42.916,
        2,
        0.617,
        42.808,
        2,
        0.633,
        42.695,
        2,
        0.65,
        42.579,
        2,
        0.667,
        42.46,
        2,
        0.683,
        42.34,
        2,
        0.7,
        42.221,
        2,
        0.717,
        42.105,
        2,
        0.733,
        41.992,
        2,
        0.75,
        41.884,
        2,
        0.767,
        41.783,
        2,
        0.783,
        41.691,
        2,
        0.8,
        41.608,
        2,
        0.817,
        41.537,
        2,
        0.833,
        41.48,
        2,
        0.85,
        41.436,
        2,
        0.867,
        41.409,
        2,
        0.883,
        41.4,
        2,
        2.183,
        41.4
      ]
    },
    {
      "Target": "Parameter",
      "Id": "ParamArmR3",
      "Segments": [
        0,
        28.88,
        0,
        2.183,
        28.88
      ]
    },
    {
      "Target": "Parameter",
      "Id": "ParamArmR4",
      "Segments": [
        0,
        3,
        0,
        2.183,
        3
      ]
    },
    {
      "Target": "Parameter",
      "Id": "ParamArmR5",
      "Segments": [
        0,
        12.76,
        0,
        2.183,
        12.76
      ]
    },
    {
      "Target": "Parameter",
      "Id": "ParamArmR6",
      "Segments": [
        0,
        1.1,
        0,
        2.183,
        1.1
      ]
    },
    {
      "Target": "Parameter",
      "Id": "ParamArmR7",
      "Segments": [
        0,
        8,
        0,
        2.183,
        8
      ]
    },
    {
      "Target": "Parameter",
      "Id": "ParamArmR8",
      "Segments": [
        0,
        12,
        0,
        2.183,
        12
      ]
    },
    {
      "Target": "Parameter",
      "Id": "ParamArmR9",
      "Segments": [
        0,
        1,
        0,
        2.183,
        1
      ]
    },
    {
      "Target": "Parameter",
      "Id": "ParamHandRA",
      "Segments": [
        0,
        0,
        0,
        2.183,
        0
      ]
    },
    {
      "Target": "Parameter",
      "Id": "ParamHandRB",
      "Segments": [
        0,
        0,
        0,
        2.183,
        0
      ]
    },
    {
      "Target": "Parameter",
      "Id": "ParamHandRC",
      "Segments": [
        0,
        0,
        0,
        2.183,
        0
      ]
    },
    {
      "Target": "Parameter",
      "Id": "ParamHandRD",
      "Segments": [
        0,
        0,
        0,
        2.183,
        0
      ]
    },
    {
      "Target": "Parameter",
      "Id": "ParamHandRE",
      "Segments": [
        0,
        0,
        0,
        2.183,
        0
      ]
    },
    {
      "Target": "Parameter",
      "Id": "ParamHandRF",
      "Segments": [
        0,
        1,
        0,
        2.183,
        1
      ]
    },
    {
      "Target": "Parameter",
      "Id": "ParamHandRG",
      "Segments": [
        0,
        0,
        0,
        2.183,
        0
      ]
    },
    {
      "Target": "Parameter",
      "Id": "ParamHandRH",
      "Segments": [
        0,
        0,
        0,
        2.183,
        0
      ]
    },
    {
      "Target": "Parameter",
      "Id": "ParamHandRI",
      "Segments": [
        0,
        0,
        0,
        2.183,
        0
      ]
    },
    {
      "Target": "Parameter",
      "Id": "ParamHandRJ",
      "Segments": [
        0,
        0,
        0,
        2.183,
        0
      ]
    },
    {
      "Target": "Parameter",
      "Id": "ParamHandRK",
      "Segments": [
        0,
        0,
        0,
        2.183,
        0
      ]
    },
    {
      "Target": "Parameter",
      "Id": "ParamFingerR",
      "Segments": [
        0,
        8,
        0,
        0.017,
        7.811,
        2,
        0.033,
        7.283,
        2,
        0.05,
        6.458,
        2,
        0.067,
        5.432,
        2,
        0.083,
        4.205,
        2,
        0.1,
        2.881,
        2,
        0.117,
        1.5,
        2,
        0.133,
        0.119,
        2,
        0.15,
        -1.205,
        2,
        0.167,
        -2.432,
        2,
        0.183,
        -3.458,
        2,
        0.2,
        -4.283,
        2,
        0.217,
        -4.811,
        2,
        0.233,
        -5,
        2,
        0.25,
        -4.95,
        2,
        0.267,
        -4.808,
        2,
        0.283,
        -4.578,
        2,
        0.3,
        -4.279,
        2,
        0.317,
        -3.905,
        2,
        0.333,
        -3.483,
        2,
        0.35,
        -3.003,
        2,
        0.367,
        -2.493,
        2,
        0.383,
        -1.94,
        2,
        0.4,
        -1.378,
        2,
        0.417,
        -0.79,
        2,
        0.433,
        -0.21,
        2,
        0.45,
        0.378,
        2,
        0.467,
        0.94,
        2,
        0.483,
        1.493,
        2,
        0.5,
        2.003,
        2,
        0.517,
        2.483,
        2,
        0.533,
        2.905,
        2,
        0.55,
        3.279,
        2,
        0.567,
        3.578,
        2,
        0.583,
        3.808,
        2,
        0.6,
        3.95,
        2,
        0.617,
        4,
        2,
        0.633,
        3.988,
        2,
        0.65,
        3.952,
        2,
        0.667,
        3.895,
        2,
        0.683,
        3.818,
        2,
        0.7,
        3.722,
        2,
        0.717,
        3.609,
        2,
        0.733,
        3.481,
        2,
        0.75,
        3.339,
        2,
        0.767,
        3.186,
        2,
        0.783,
        3.021,
        2,
        0.8,
        2.846,
        2,
        0.817,
        2.665,
        2,
        0.833,
        2.479,
        2,
        0.85,
        2.289,
        2,
        0.867,
        2.097,
        2,
        0.883,
        1.903,
        2,
        0.9,
        1.711,
        2,
        0.917,
        1.521,
        2,
        0.933,
        1.335,
        2,
        0.95,
        1.154,
        2,
        0.967,
        0.979,
        2,
        0.983,
        0.814,
        2,
        1,
        0.661,
        2,
        1.017,
        0.519,
        2,
        1.033,
        0.391,
        2,
        1.05,
        0.278,
        2,
        1.067,
        0.182,
        2,
        1.083,
        0.105,
        2,
        1.1,
        0.048,
        2,
        1.117,
        0.012,
        2,
        1.133,
        0,
        2,
        2.183,
        0
      ]
    },
    {
      "Target": "Parameter",
      "Id": "ParamShoulderL",
      "Segments": [
        0,
        7,
        0,
        0.017,
        7.034,
        2,
        0.033,
        7.127,
        2,
        0.05,
        7.26,
        2,
        0.067,
        7.418,
        2,
        0.083,
        7.582,
        2,
        0.1,
        7.74,
        2,
        0.117,
        7.873,
        2,
        0.133,
        7.966,
        2,
        0.15,
        8,
        2,
        0.167,
        7.991,
        2,
        0.183,
        7.963,
        2,
        0.2,
        7.917,
        2,
        0.217,
        7.854,
        2,
        0.233,
        7.776,
        2,
        0.25,
        7.681,
        2,
        0.267,
        7.573,
        2,
        0.283,
        7.45,
        2,
        0.3,
        7.314,
        2,
        0.317,
        7.166,
        2,
        0.333,
        7.009,
        2,
        0.35,
        6.839,
        2,
        0.367,
        6.659,
        2,
        0.383,
        6.469,
        2,
        0.4,
        6.274,
        2,
        0.417,
        6.069,
        2,
        0.433,
        5.856,
        2,
        0.45,
        5.638,
        2,
        0.467,
        5.414,
        2,
        0.483,
        5.185,
        2,
        0.5,
        4.953,
        2,
        0.517,
        4.717,
        2,
        0.533,
        4.479,
        2,
        0.55,
        4.24,
        2,
        0.567,
        4,
        2,
        0.583,
        3.76,
        2,
        0.6,
        3.521,
        2,
        0.617,
        3.283,
        2,
        0.633,
        3.047,
        2,
        0.65,
        2.815,
        2,
        0.667,
        2.586,
        2,
        0.683,
        2.362,
        2,
        0.7,
        2.144,
        2,
        0.717,
        1.931,
        2,
        0.733,
        1.726,
        2,
        0.75,
        1.531,
        2,
        0.767,
        1.341,
        2,
        0.783,
        1.161,
        2,
        0.8,
        0.991,
        2,
        0.817,
        0.834,
        2,
        0.833,
        0.686,
        2,
        0.85,
        0.55,
        2,
        0.867,
        0.427,
        2,
        0.883,
        0.319,
        2,
        0.9,
        0.224,
        2,
        0.917,
        0.146,
        2,
        0.933,
        0.083,
        2,
        0.95,
        0.037,
        2,
        0.967,
        0.009,
        2,
        0.983,
        0,
        2,
        2.183,
        0
      ]
    },
    {
      "Target": "Parameter",
      "Id": "ParamArmL1",
      "Segments": [
        0,
        -31,
        0,
        0.017,
        -30.977,
        2,
        0.033,
        -30.899,
        2,
        0.05,
        -30.745,
        2,
        0.067,
        -30.509,
        2,
        0.083,
        -30.16,
        2,
        0.1,
        -29.693,
        2,
        0.117,
        -29.09,
        2,
        0.133,
        -28.204,
        2,
        0.15,
        -27.065,
        2,
        0.167,
        -25.802,
        2,
        0.183,
        -24.624,
        2,
        0.2,
        -23.734,
        2,
        0.217,
        -23.27,
        2,
        0.233,
        -23.105,
        2,
        0.25,
        -22.958,
        2,
        0.267,
        -22.827,
        2,
        0.283,
        -22.71,
        2,
        0.3,
        -22.605,
        2,
        0.317,
        -22.507,
        2,
        0.333,
        -22.415,
        2,
        0.35,
        -22.327,
        2,
        0.367,
        -22.24,
        2,
        0.383,
        -22.158,
        2,
        0.4,
        -22.088,
        2,
        0.417,
        -22.025,
        2,
        0.433,
        -21.971,
        2,
        0.45,
        -21.927,
        2,
        0.467,
        -21.89,
        2,
        0.483,
        -21.86,
        2,
        0.5,
        -21.837,
        2,
        0.517,
        -21.82,
        2,
        0.533,
        -21.808,
        2,
        0.55,
        -21.802,
        2,
        0.567,
        -21.8,
        2,
        0.583,
        -21.851,
        2,
        0.6,
        -21.997,
        2,
        0.617,
        -22.228,
        2,
        0.633,
        -22.533,
        2,
        0.65,
        -22.902,
        2,
        0.667,
        -23.316,
        2,
        0.683,
        -23.781,
        2,
        0.7,
        -24.278,
        2,
        0.717,
        -24.798,
        2,
        0.733,
        -25.33,
        2,
        0.75,
        -25.863,
        2,
        0.767,
        -26.387,
        2,
        0.783,
        -26.892,
        2,
        0.8,
        -27.359,
        2,
        0.817,
        -27.795,
        2,
        0.833,
        -28.18,
        2,
        0.85,
        -28.505,
        2,
        0.867,
        -28.758,
        2,
        0.883,
        -28.93,
        2,
        0.9,
        -29.053,
        2,
        0.917,
        -29.169,
        2,
        0.933,
        -29.278,
        2,
        0.95,
        -29.38,
        2,
        0.967,
        -29.476,
        2,
        0.983,
        -29.565,
        2,
        1,
        -29.648,
        2,
        1.017,
        -29.724,
        2,
        1.033,
        -29.796,
        2,
        1.05,
        -29.861,
        2,
        1.067,
        -29.923,
        2,
        1.083,
        -29.978,
        2,
        1.1,
        -30.028,
        2,
        1.117,
        -30.074,
        2,
        1.133,
        -30.115,
        2,
        1.15,
        -30.152,
        2,
        1.167,
        -30.186,
        2,
        1.183,
        -30.215,
        2,
        1.2,
        -30.241,
        2,
        1.217,
        -30.264,
        2,
        1.233,
        -30.283,
        2,
        1.25,
        -30.3,
        2,
        1.267,
        -30.314,
        2,
        1.283,
        -30.326,
        2,
        1.3,
        -30.335,
        2,
        1.317,
        -30.343,
        2,
        1.333,
        -30.349,
        2,
        1.35,
        -30.353,
        2,
        1.367,
        -30.356,
        2,
        1.383,
        -30.358,
        2,
        1.4,
        -30.359,
        2,
        1.417,
        -30.36,
        2,
        1.433,
        -30.36,
        2,
        2.183,
        -30.36
      ]
    },
    {
      "Target": "Parameter",
      "Id": "ParamArmL2",
      "Segments": [
        0,
        41,
        0,
        0.017,
        41.009,
        2,
        0.033,
        41.035,
        2,
        0.05,
        41.077,
        2,
        0.067,
        41.132,
        2,
        0.083,
        41.203,
        2,
        0.1,
        41.284,
        2,
        0.117,
        41.375,
        2,
        0.133,
        41.476,
        2,
        0.15,
        41.584,
        2,
        0.167,
        41.701,
        2,
        0.183,
        41.819,
        2,
        0.2,
        41.945,
        2,
        0.217,
        42.072,
        2,
        0.233,
        42.2,
        2,
        0.25,
        42.328,
        2,
        0.267,
        42.455,
        2,
        0.283,
        42.581,
        2,
        0.3,
        42.699,
        2,
        0.317,
        42.816,
        2,
        0.333,
        42.924,
        2,
        0.35,
        43.025,
        2,
        0.367,
        43.116,
        2,
        0.383,
        43.197,
        2,
        0.4,
        43.268,
        2,
        0.417,
        43.323,
        2,
        0.433,
        43.365,
        2,
        0.45,
        43.391,
        2,
        0.467,
        43.4,
        2,
        0.483,
        43.391,
        2,
        0.5,
        43.364,
        2,
        0.517,
        43.32,
        2,
        0.533,
        43.263,
        2,
        0.55,
        43.192,
        2,
        0.567,
        43.109,
        2,
        0.583,
        43.017,
        2,
        0.6,
        42.916,
        2,
        0.617,
        42.808,
        2,
        0.633,
        42.695,
        2,
        0.65,
        42.579,
        2,
        0.667,
        42.46,
        2,
        0.683,
        42.34,
        2,
        0.7,
        42.221,
        2,
        0.717,
        42.105,
        2,
        0.733,
        41.992,
        2,
        0.75,
        41.884,
        2,
        0.767,
        41.783,
        2,
        0.783,
        41.691,
        2,
        0.8,
        41.608,
        2,
        0.817,
        41.537,
        2,
        0.833,
        41.48,
        2,
        0.85,
        41.436,
        2,
        0.867,
        41.409,
        2,
        0.883,
        41.4,
        2,
        2.183,
        41.4
      ]
    },
    {
      "Target": "Parameter",
      "Id": "ParamArmL3",
      "Segments": [
        0,
        28,
        0,
        2.183,
        28
      ]
    },
    {
      "Target": "Parameter",
      "Id": "ParamArmL4",
      "Segments": [
        0,
        0,
        0,
        2.183,
        0
      ]
    },
    {
      "Target": "Parameter",
      "Id": "ParamArmL5",
      "Segments": [
        0,
        12.76,
        0,
        2.183,
        12.76
      ]
    },
    {
      "Target": "Parameter",
      "Id": "ParamArmL6",
      "Segments": [
        0,
        1,
        0,
        2.183,
        1
      ]
    },
    {
      "Target": "Parameter",
      "Id": "ParamArmL7",
      "Segments": [
        0,
        8,
        0,
        2.183,
        8
      ]
    },
    {
      "Target": "Parameter",
      "Id": "ParamArmL8",
      "Segments": [
        0,
        11,
        0,
        2.183,
        11
      ]
    },
    {
      "Target": "Parameter",
      "Id": "ParamArmL9",
      "Segments": [
        0,
        1,
        0,
        2.183,
        1
      ]
    },
    {
      "Target": "Parameter",
      "Id": "ParamHandLA",
      "Segments": [
        0,
        0,
        0,
        2.183,
        0
      ]
    },
    {
      "Target": "Parameter",
      "Id": "ParamHandLB",
      "Segments": [
        0,
        0,
        0,
        2.183,
        0
      ]
    },
    {
      "Target": "Parameter",
      "Id": "ParamHandLC",
      "Segments": [
        0,
        0,
        0,
        2.183,
        0
      ]
    },
    {
      "Target": "Parameter",
      "Id": "ParamHandLD",
      "Segments": [
        0,
        0,
        0,
        2.183,
        0
      ]
    },
    {
      "Target": "Parameter",
      "Id": "ParamHandLE",
      "Segments": [
        0,
        0,
        0,
        2.183,
        0
      ]
    },
    {
      "Target": "Parameter",
      "Id": "ParamHandLF",
      "Segments": [
        0,
        1,
        0,
        2.183,
        1
      ]
    },
    {
      "Target": "Parameter",
      "Id": "ParamHandLG",
      "Segments": [
        0,
        0,
        0,
        2.183,
        0
      ]
    },
    {
      "Target": "Parameter",
      "Id": "ParamHandLH",
      "Segments": [
        0,
        0,
        0,
        2.183,
        0
      ]
    },
    {
      "Target": "Parameter",
      "Id": "ParamHandLI",
      "Segments": [
        0,
        0,
        0,
        2.183,
        0
      ]
    },
    {
      "Target": "Parameter",
      "Id": "ParamHandLJ",
      "Segments": [
        0,
        0,
        0,
        2.183,
        0
      ]
    },
    {
      "Target": "Parameter",
      "Id": "ParamHandLK",
      "Segments": [
        0,
        0,
        0,
        2.183,
        0
      ]
    },
    {
      "Target": "Parameter",
      "Id": "ParamFingerL",
      "Segments": [
        0,
        8,
        0,
        0.017,
        7.811,
        2,
        0.033,
        7.283,
        2,
        0.05,
        6.458,
        2,
        0.067,
        5.432,
        2,
        0.083,
        4.205,
        2,
        0.1,
        2.881,
        2,
        0.117,
        1.5,
        2,
        0.133,
        0.119,
        2,
        0.15,
        -1.205,
        2,
        0.167,
        -2.432,
        2,
        0.183,
        -3.458,
        2,
        0.2,
        -4.283,
        2,
        0.217,
        -4.811,
        2,
        0.233,
        -5,
        2,
        0.25,
        -4.95,
        2,
        0.267,
        -4.808,
        2,
        0.283,
        -4.578,
        2,
        0.3,
        -4.279,
        2,
        0.317,
        -3.905,
        2,
        0.333,
        -3.483,
        2,
        0.35,
        -3.003,
        2,
        0.367,
        -2.493,
        2,
        0.383,
        -1.94,
        2,
        0.4,
        -1.378,
        2,
        0.417,
        -0.79,
        2,
        0.433,
        -0.21,
        2,
        0.45,
        0.378,
        2,
        0.467,
        0.94,
        2,
        0.483,
        1.493,
        2,
        0.5,
        2.003,
        2,
        0.517,
        2.483,
        2,
        0.533,
        2.905,
        2,
        0.55,
        3.279,
        2,
        0.567,
        3.578,
        2,
        0.583,
        3.808,
        2,
        0.6,
        3.95,
        2,
        0.617,
        4,
        2,
        0.633,
        3.988,
        2,
        0.65,
        3.952,
        2,
        0.667,
        3.895,
        2,
        0.683,
        3.818,
        2,
        0.7,
        3.722,
        2,
        0.717,
        3.609,
        2,
        0.733,
        3.481,
        2,
        0.75,
        3.339,
        2,
        0.767,
        3.186,
        2,
        0.783,
        3.021,
        2,
        0.8,
        2.846,
        2,
        0.817,
        2.665,
        2,
        0.833,
        2.479,
        2,
        0.85,
        2.289,
        2,
        0.867,
        2.097,
        2,
        0.883,
        1.903,
        2,
        0.9,
        1.711,
        2,
        0.917,
        1.521,
        2,
        0.933,
        1.335,
        2,
        0.95,
        1.154,
        2,
        0.967,
        0.979,
        2,
        0.983,
        0.814,
        2,
        1,
        0.661,
        2,
        1.017,
        0.519,
        2,
        1.033,
        0.391,
        2,
        1.05,
        0.278,
        2,
        1.067,
        0.182,
        2,
        1.083,
        0.105,
        2,
        1.1,
        0.048,
        2,
        1.117,
        0.012,
        2,
        1.133,
        0,
        2,
        2.183,
        0
      ]
    },
    {
      "Target": "Parameter",
      "Id": "ParamTwintailsHangZ",
      "Segments": [
        0,
        0,
        0,
        2.183,
        0
      ]
    },
    {
      "Target": "Parameter",
      "Id": "ParamBodyHangZ",
      "Segments": [
        0,
        0,
        0,
        2.183,
        0
      ]
    },
    {
      "Target": "Parameter",
      "Id": "ParamHeadHangZ",
      "Segments": [
        0,
        0,
        0,
        2.183,
        0
      ]
    },
    {
      "Target": "Parameter",
      "Id": "ParamHairFront",
      "Segments": [
        0,
        0,
        0,
        2.183,
        0
      ]
    },
    {
      "Target": "Parameter",
      "Id": "ParamHairSide",
      "Segments": [
        0,
        0,
        0,
        2.183,
        0
      ]
    },
    {
      "Target": "Parameter",
      "Id": "ParamHairSide2",
      "Segments": [
        0,
        0,
        0,
        2.183,
        0
      ]
    },
    {
      "Target": "Parameter",
      "Id": "ParamHairBack",
      "Segments": [
        0,
        0,
        0,
        2.183,
        0
      ]
    },
    {
      "Target": "Parameter",
      "Id": "ParamHairBack2",
      "Segments": [
        0,
        0,
        0,
        2.183,
        0
      ]
    },
    {
      "Target": "Parameter",
      "Id": "ParamHairHuwa",
      "Segments": [
        0,
        0,
        0,
        2.183,
        0
      ]
    },
    {
      "Target": "Parameter",
      "Id": "ParamBustX",
      "Segments": [
        0,
        0,
        0,
        2.183,
        0
      ]
    },
    {
      "Target": "Parameter",
      "Id": "ParamBustY",
      "Segments": [
        0,
        0,
        0,
        2.183,
        0
      ]
    },
    {
      "Target": "Parameter",
      "Id": "ParamSkirtSwing",
      "Segments": [
        0,
        0,
        0,
        2.183,
        0
      ]
    },
    {
      "Target": "Parameter",
      "Id": "ParamSkirtFuwa",
      "Segments": [
        0,
        0,
        0,
        2.183,
        0
      ]
    },
    {
      "Target": "Parameter",
      "Id": "ParamShirtFuwa",
      "Segments": [
        0,
        0,
        0,
        2.183,
        0
      ]
    },
    {
      "Target": "Parameter",
      "Id": "ParamSwingA",
      "Segments": [
        0,
        0,
        0,
        2.183,
        0
      ]
    },
    {
      "Target": "Parameter",
      "Id": "ParamSwingB",
      "Segments": [
        0,
        0,
        0,
        2.183,
        0
      ]
    },
    {
      "Target": "Parameter",
      "Id": "ParamSwingC",
      "Segments": [
        0,
        0,
        0,
        2.183,
        0
      ]
    },
    {
      "Target": "Parameter",
      "Id": "ParamSwingD",
      "Segments": [
        0,
        0,
        0,
        2.183,
        0
      ]
    },
    {
      "Target": "Parameter",
      "Id": "ParamSwingE",
      "Segments": [
        0,
        0,
        0,
        2.183,
        0
      ]
    },
    {
      "Target": "Parameter",
      "Id": "ParamSwingF",
      "Segments": [
        0,
        0,
        0,
        2.183,
        0
      ]
    },
    {
      "Target": "Parameter",
      "Id": "ParamTwintailsRTwist",
      "Segments": [
        0,
        0,
        0,
        2.183,
        0
      ]
    },
    {
      "Target": "Parameter",
      "Id": "Param_Angle_Rotation_1_ArtMesh181",
      "Segments": [
        0,
        0,
        0,
        2.183,
        0
      ]
    },
    {
      "Target": "Parameter",
      "Id": "Param_Angle_Rotation_2_ArtMesh181",
      "Segments": [
        0,
        0,
        0,
        2.183,
        0
      ]
    },
    {
      "Target": "Parameter",
      "Id": "Param_Angle_Rotation_3_ArtMesh181",
      "Segments": [
        0,
        0,
        0,
        2.183,
        0
      ]
    },
    {
      "Target": "Parameter",
      "Id": "Param_Angle_Rotation_4_ArtMesh181",
      "Segments": [
        0,
        0,
        0,
        2.183,
        0
      ]
    },
    {
      "Target": "Parameter",
      "Id": "Param_Angle_Rotation_5_ArtMesh181",
      "Segments": [
        0,
        0,
        0,
        2.183,
        0
      ]
    },
    {
      "Target": "Parameter",
      "Id": "Param_Angle_Rotation_6_ArtMesh181",
      "Segments": [
        0,
        0,
        0,
        2.183,
        0
      ]
    },
    {
      "Target": "Parameter",
      "Id": "Param_Angle_Rotation_7_ArtMesh181",
      "Segments": [
        0,
        0,
        0,
        2.183,
        0
      ]
    },
    {
      "Target": "Parameter",
      "Id": "Param_Angle_Rotation_8_ArtMesh181",
      "Segments": [
        0,
        0,
        0,
        2.183,
        0
      ]
    },
    {
      "Target": "Parameter",
      "Id": "Param_Angle_Rotation_9_ArtMesh181",
      "Segments": [
        0,
        0,
        0,
        2.183,
        0
      ]
    },
    {
      "Target": "Parameter",
      "Id": "Param_Angle_Rotation_10_ArtMesh181",
      "Segments": [
        0,
        0,
        0,
        2.183,
        0
      ]
    },
    {
      "Target": "Parameter",
      "Id": "Param_Angle_Rotation_11_ArtMesh181",
      "Segments": [
        0,
        0,
        0,
        2.183,
        0
      ]
    },
    {
      "Target": "Parameter",
      "Id": "ParamTwintailsLTwist",
      "Segments": [
        0,
        0,
        0,
        2.183,
        0
      ]
    },
    {
      "Target": "Parameter",
      "Id": "Param_Angle_RotationL_1_ArtMesh181",
      "Segments": [
        0,
        0,
        0,
        2.183,
        0
      ]
    },
    {
      "Target": "Parameter",
      "Id": "Param_Angle_RotationL_2_ArtMesh181",
      "Segments": [
        0,
        0,
        0,
        2.183,
        0
      ]
    },
    {
      "Target": "Parameter",
      "Id": "Param_Angle_RotationL_3_ArtMesh181",
      "Segments": [
        0,
        0,
        0,
        2.183,
        0
      ]
    },
    {
      "Target": "Parameter",
      "Id": "Param_Angle_RotationL_4_ArtMesh181",
      "Segments": [
        0,
        0,
        0,
        2.183,
        0
      ]
    },
    {
      "Target": "Parameter",
      "Id": "Param_Angle_RotationL_5_ArtMesh181",
      "Segments": [
        0,
        0,
        0,
        2.183,
        0
      ]
    },
    {
      "Target": "Parameter",
      "Id": "Param_Angle_RotationL_6_ArtMesh181",
      "Segments": [
        0,
        0,
        0,
        2.183,
        0
      ]
    },
    {
      "Target": "Parameter",
      "Id": "Param_Angle_RotationL_7_ArtMesh181",
      "Segments": [
        0,
        0,
        0,
        2.183,
        0
      ]
    },
    {
      "Target": "Parameter",
      "Id": "Param_Angle_RotationL_8_ArtMesh181",
      "Segments": [
        0,
        0,
        0,
        2.183,
        0
      ]
    },
    {
      "Target": "Parameter",
      "Id": "Param_Angle_RotationL_9_ArtMesh181",
      "Segments": [
        0,
        0,
        0,
        2.183,
        0
      ]
    },
    {
      "Target": "Parameter",
      "Id": "Param_Angle_RotationL_10_ArtMesh181",
      "Segments": [
        0,
        0,
        0,
        2.183,
        0
      ]
    },
    {
      "Target": "Parameter",
      "Id": "Param_Angle_RotationL_11_ArtMesh181",
      "Segments": [
        0,
        0,
        0,
        2.183,
        0
      ]
    },
    {
      "Target": "Parameter",
      "Id": "ParamSize",
      "Segments": [
        0,
        17,
        0,
        2.183,
        17
      ]
    },
    {
      "Target": "Model",
      "Id": "Opacity",
      "Segments": [
        0,
        1,
        0,
        2.183,
        1
      ]
    },
    {
      "Target": "Model",
      "Id": "EyeBlink",
      "Segments": [
        0,
        1,
        0,
        2.183,
        1
      ]
    },
    {
      "Target": "Model",
      "Id": "LipSync",
      "Segments": [
        0,
        0,
        0,
        2.183,
        0
      ]
    },
    {
      "Target": "PartOpacity",
      "Id": "Part13",
      "Segments": [
        0,
        1,
        0,
        2.183,
        1
      ]
    },
    {
      "Target": "PartOpacity",
      "Id": "Part12",
      "Segments": [
        0,
        1,
        0,
        2.183,
        1
      ]
    },
    {
      "Target": "PartOpacity",
      "Id": "PartCore",
      "Segments": [
        0,
        1,
        0,
        2.183,
        1
      ]
    },
    {
      "Target": "PartOpacity",
      "Id": "PartHead",
      "Segments": [
        0,
        1,
        0,
        2.183,
        1
      ]
    },
    {
      "Target": "PartOpacity",
      "Id": "PartHairFront",
      "Segments": [
        0,
        1,
        0,
        2.183,
        1
      ]
    },
    {
      "Target": "PartOpacity",
      "Id": "PartHeadEffect",
      "Segments": [
        0,
        1,
        0,
        2.183,
        1
      ]
    },
    {
      "Target": "PartOpacity",
      "Id": "PartEyeR3",
      "Segments": [
        0,
        1,
        0,
        2.183,
        1
      ]
    },
    {
      "Target": "PartOpacity",
      "Id": "PartEyeR",
      "Segments": [
        0,
        1,
        0,
        2.183,
        1
      ]
    },
    {
      "Target": "PartOpacity",
      "Id": "PartMouth",
      "Segments": [
        0,
        1,
        0,
        2.183,
        1
      ]
    },
    {
      "Target": "PartOpacity",
      "Id": "PartFace",
      "Segments": [
        0,
        1,
        0,
        2.183,
        1
      ]
    },
    {
      "Target": "PartOpacity",
      "Id": "Part10",
      "Segments": [
        0,
        1,
        0,
        2.183,
        1
      ]
    },
    {
      "Target": "PartOpacity",
      "Id": "Part9",
      "Segments": [
        0,
        1,
        0,
        2.183,
        1
      ]
    },
    {
      "Target": "PartOpacity",
      "Id": "PartHairBack",
      "Segments": [
        0,
        1,
        0,
        2.183,
        1
      ]
    },
    {
      "Target": "PartOpacity",
      "Id": "Part2",
      "Segments": [
        0,
        1,
        0,
        2.183,
        1
      ]
    },
    {
      "Target": "PartOpacity",
      "Id": "ArtMesh181_Skinning2",
      "Segments": [
        0,
        1,
        0,
        2.183,
        1
      ]
    },
    {
      "Target": "PartOpacity",
      "Id": "Part",
      "Segments": [
        0,
        1,
        0,
        2.183,
        1
      ]
    },
    {
      "Target": "PartOpacity",
      "Id": "ArtMesh181_Skinning",
      "Segments": [
        0,
        1,
        0,
        2.183,
        1
      ]
    },
    {
      "Target": "PartOpacity",
      "Id": "PartBody1",
      "Segments": [
        0,
        1,
        0,
        2.183,
        1
      ]
    },
    {
      "Target": "PartOpacity",
      "Id": "PartBody2",
      "Segments": [
        0,
        1,
        0,
        2.183,
        1
      ]
    },
    {
      "Target": "PartOpacity",
      "Id": "Part3",
      "Segments": [
        0,
        1,
        0,
        2.183,
        1
      ]
    },
    {
      "Target": "PartOpacity",
      "Id": "PartHandL",
      "Segments": [
        0,
        1,
        0,
        2.183,
        1
      ]
    },
    {
      "Target": "PartOpacity",
      "Id": "PartArmR",
      "Segments": [
        0,
        1,
        0,
        2.183,
        1
      ]
    },
    {
      "Target": "PartOpacity",
      "Id": "PartHandR",
      "Segments": [
        0,
        1,
        0,
        2.183,
        1
      ]
    },
    {
      "Target": "PartOpacity",
      "Id": "PartSketch",
      "Segments": [
        0,
        1,
        0,
        2.183,
        1
      ]
    }
  ],
  "UserData": []
}