{
  "Version": 3,
  "Meta": {
    "Duration": 3.133,
    "Fps": 60.0,
    "Loop": true,
    "AreBeziersRestricted": true,
    "CurveCount": 63,
    "UserDataCount": 0,
    "TotalSegmentCount": 223,
    "TotalPointCount": 267,
    "TotalUserDataSize": 0
  },
  "Curves": [
    {
      "Target": "Parameter",
      "Id": "ParamPositionY",
      "Segments": [
        0,
        0,
        0,
        0.417,
        -0.5,
        1,
        0.534,
        -0.5,
        0.65,
        0.6,
        0.767,
        1,
        1,
        0.911,
        1.495,
        1.056,
        1.5,
        1.2,
        1.5,
        0,
        1.767,
        0,
        2,
        3.133,
        0
      ]
    },
    {
      "Target": "Parameter",
      "Id": "ParamAngleX",
      "Segments": [
        0,
        2,
        0,
        0.85,
        2,
        0,
        1.55,
        0,
        0,
        2.117,
        4,
        2,
        3.133,
        4
      ]
    },
    {
      "Target": "Parameter",
      "Id": "ParamAngleY",
      "Segments": [
        0,
        0,
        0,
        0.85,
        30,
        1,
        1.083,
        30,
        1.317,
        21.825,
        1.55,
        0,
        1,
        1.739,
        -17.668,
        1.928,
        -30.0,
        2.117,
        -30,
        2,
        3.133,
        -30
      ]
    },
    {
      "Target": "Parameter",
      "Id": "ParamAngleZ",
      "Segments": [
        0,
        -5,
        0,
        0.85,
        13,
        0,
        1.617,
        0,
        2,
        3.133,
        0
      ]
    },
    {
      "Target": "Parameter",
      "Id": "ParamEyeROpen",
      "Segments": [
        0,
        1,
        0,
        0.333,
        0,
        0,
        0.6,
        1,
        2,
        1.45,
        1,
        0,
        1.817,
        0.8,
        2,
        2.25,
        0.8,
        2,
        3.133,
        0.8
      ]
    },
    {
      "Target": "Parameter",
      "Id": "ParamEyeLOpen",
      "Segments": [
        0,
        1,
        0,
        0.333,
        0,
        0,
        0.6,
        1,
        2,
        1.45,
        1,
        0,
        1.817,
        0.8,
        2,
        2.25,
        0.8,
        2,
        3.133,
        0.8
      ]
    },
    {
      "Target": "Parameter",
      "Id": "ParamEyeballY",
      "Segments": [
        0,
        0,
        0,
        0.333,
        -0.3,
        0,
        0.667,
        0.3,
        0,
        2.25,
        -0.3,
        2,
        3.133,
        -0.3
      ]
    },
    {
      "Target": "Parameter",
      "Id": "ParamBodyAngleX",
      "Segments": [
        0,
        -1,
        0,
        0.65,
        5,
        0,
        2,
        0,
        2,
        3.133,
        0
      ]
    },
    {
      "Target": "Parameter",
      "Id": "ParamBodyAngleY",
      "Segments": [
        0,
        0,
        0,
        0.6,
        6,
        1,
        0.811,
        6,
        1.022,
        4.844,
        1.233,
        1,
        1,
        1.489,
        -3.653,
        1.744,
        -7.0,
        2,
        -7,
        2,
        3.133,
        -7
      ]
    },
    {
      "Target": "Parameter",
      "Id": "ParamBodyAngleZ",
      "Segments": [
        0,
        0,
        0,
        0.55,
        2,
        1,
        0.683,
        2,
        0.817,
        1.909,
        0.95,
        1,
        1,
        1.044,
        0.356,
        1.139,
        -1.0,
        1.233,
        -1,
        2,
        3.133,
        -1
      ]
    },
    {
      "Target": "Parameter",
      "Id": "ParamUpperBody",
      "Segments": [
        0,
        0,
        0,
        0.633,
        -1,
        1,
        1.089,
        -3.988,
        1.544,
        -10.0,
        2,
        -10,
        2,
        3.133,
        -10
      ]
    },
    {
      "Target": "Parameter",
      "Id": "ParamLegLZ",
      "Segments": [
        0,
        -3,
        0,
        0.633,
        -5,
        0,
        2,
        1,
        2,
        3.133,
        1
      ]
    },
    {
      "Target": "Parameter",
      "Id": "ParamLegRZ",
      "Segments": [
        0,
        -3,
        0,
        0.633,
        -5,
        0,
        2,
        1,
        2,
        3.133,
        1
      ]
    },
    {
      "Target": "Parameter",
      "Id": "ParamShoulderR",
      "Segments": [
        0,
        7,
        0,
        0.95,
        10,
        1,
        1.011,
        10,
        1.072,
        8.213,
        1.133,
        7,
        1,
        1.322,
        3.252,
        1.511,
        2.0,
        1.7,
        2,
        2,
        3.133,
        2
      ]
    },
    {
      "Target": "Parameter",
      "Id": "ParamArmR1",
      "Segments": [
        0,
        -39,
        0,
        0.333,
        -43.715,
        1,
        0.444,
        -43.715,
        0.556,
        -43.713,
        0.667,
        -43.13,
        1,
        0.85,
        -42.168,
        1.034,
        -40.677,
        1.217,
        -39,
        1,
        1.328,
        -37.984,
        1.439,
        -34.837,
        1.55,
        -34.225,
        1,
        1.789,
        -32.91,
        2.028,
        -32.69,
        2.267,
        -32.69,
        2,
        3.133,
        -32.69
      ]
    },
    {
      "Target": "Parameter",
      "Id": "ParamArmR2",
      "Segments": [
        0,
        39,
        0,
        0.95,
        39,
        2,
        1.2,
        39,
        0,
        1.733,
        41,
        2,
        3.133,
        41
      ]
    },
    {
      "Target": "Parameter",
      "Id": "ParamArmR3",
      "Segments": [
        0,
        8,
        0,
        0.95,
        8,
        1,
        1.011,
        8,
        1.072,
        14.252,
        1.133,
        18,
        1,
        1.272,
        26.518,
        1.411,
        28.88,
        1.55,
        28.88,
        2,
        3.133,
        28.88
      ]
    },
    {
      "Target": "Parameter",
      "Id": "ParamArmR5",
      "Segments": [
        0,
        6,
        0,
        0.95,
        6,
        0,
        1.55,
        12.76,
        2,
        3.133,
        12.76
      ]
    },
    {
      "Target": "Parameter",
      "Id": "ParamArmR9",
      "Segments": [
        0,
        0.5,
        0,
        0.783,
        0.5,
        0,
        1.183,
        1,
        2,
        3.133,
        1
      ]
    },
    {
      "Target": "Parameter",
      "Id": "ParamHandRF",
      "Segments": [
        0,
        0,
        0,
        0.95,
        0,
        2,
        1.117,
        0,
        0,
        1.133,
        1,
        2,
        3.133,
        1
      ]
    },
    {
      "Target": "Parameter",
      "Id": "ParamHandRG",
      "Segments": [
        0,
        1,
        0,
        0.95,
        1,
        2,
        1.117,
        1,
        0,
        1.133,
        0,
        2,
        3.133,
        0
      ]
    },
    {
      "Target": "Parameter",
      "Id": "ParamFingerR",
      "Segments": [
        0,
        0,
        0,
        0.7,
        -10,
        0,
        1.117,
        10,
        0,
        1.133,
        0,
        0,
        2.2,
        8,
        2,
        3.133,
        8
      ]
    },
    {
      "Target": "Parameter",
      "Id": "ParamShoulderL",
      "Segments": [
        0,
        7,
        0,
        0.95,
        10,
        0,
        1.55,
        7,
        2,
        3.133,
        7
      ]
    },
    {
      "Target": "Parameter",
      "Id": "ParamArmL1",
      "Segments": [
        0,
        -44,
        0,
        0.333,
        -49.405,
        1,
        0.444,
        -49.405,
        0.556,
        -49.573,
        0.667,
        -49,
        1,
        0.85,
        -48.054,
        1.034,
        -43.999,
        1.217,
        -40,
        1,
        1.395,
        -36.122,
        1.572,
        -31.0,
        1.75,
        -31,
        2,
        3.133,
        -31
      ]
    },
    {
      "Target": "Parameter",
      "Id": "ParamArmL2",
      "Segments": [
        0,
        38,
        0,
        0.95,
        38,
        0,
        1.2,
        41,
        2,
        1.733,
        41,
        2,
        3.133,
        41
      ]
    },
    {
      "Target": "Parameter",
      "Id": "ParamArmL3",
      "Segments": [
        0,
        15,
        0,
        0.95,
        15,
        0,
        1.133,
        6,
        0,
        1.55,
        28.88,
        0,
        1.75,
        28,
        2,
        3.133,
        28
      ]
    },
    {
      "Target": "Parameter",
      "Id": "ParamArmL5",
      "Segments": [
        0,
        6,
        0,
        1,
        6,
        0,
        1.55,
        12.76,
        2,
        3.133,
        12.76
      ]
    },
    {
      "Target": "Parameter",
      "Id": "ParamArmL9",
      "Segments": [
        0,
        0.5,
        0,
        0.767,
        0.5,
        2,
        0.783,
        0.5,
        0,
        1.183,
        1,
        2,
        1.55,
        1,
        2,
        3.133,
        1
      ]
    },
    {
      "Target": "Parameter",
      "Id": "ParamHandLF",
      "Segments": [
        0,
        0,
        0,
        0.95,
        0,
        2,
        1.117,
        0,
        0,
        1.133,
        1,
        2,
        1.55,
        1,
        2,
        3.133,
        1
      ]
    },
    {
      "Target": "Parameter",
      "Id": "ParamHandLG",
      "Segments": [
        0,
        1,
        0,
        0.95,
        1,
        2,
        1.117,
        1,
        0,
        1.133,
        0,
        2,
        1.55,
        0,
        2,
        3.133,
        0
      ]
    },
    {
      "Target": "Parameter",
      "Id": "ParamFingerL",
      "Segments": [
        0,
        0,
        0,
        0.7,
        -10,
        1,
        0.983,
        -10,
        1.267,
        -6.796,
        1.55,
        0,
        1,
        1.767,
        5.197,
        1.983,
        8.0,
        2.2,
        8,
        2,
        3.133,
        8
      ]
    },
    {
      "Target": "Parameter",
      "Id": "ParamPositionX",
      "Segments": [
        0,
        0,
        0,
        3.133,
        0
      ]
    },
    {
      "Target": "Parameter",
      "Id": "ParamRotationZ",
      "Segments": [
        0,
        0,
        0,
        3.133,
        0
      ]
    },
    {
      "Target": "Parameter",
      "Id": "ParamEyeRForm",
      "Segments": [
        0,
        0,
        0,
        3.133,
        0
      ]
    },
    {
      "Target": "Parameter",
      "Id": "ParamEyeballX",
      "Segments": [
        0,
        0,
        0,
        3.133,
        0
      ]
    },
    {
      "Target": "Parameter",
      "Id": "ParamUpperBodyZ",
      "Segments": [
        0,
        0,
        0,
        3.133,
        0
      ]
    },
    {
      "Target": "Parameter",
      "Id": "ParamBreath",
      "Segments": [
        0,
        0,
        0,
        3.133,
        0
      ]
    },
    {
      "Target": "Parameter",
      "Id": "ParamArmR4",
      "Segments": [
        0,
        3,
        0,
        3.133,
        3
      ]
    },
    {
      "Target": "Parameter",
      "Id": "ParamArmR6",
      "Segments": [
        0,
        1.1,
        0,
        3.133,
        1.1
      ]
    },
    {
      "Target": "Parameter",
      "Id": "ParamArmR7",
      "Segments": [
        0,
        8,
        0,
        3.133,
        8
      ]
    },
    {
      "Target": "Parameter",
      "Id": "ParamArmR8",
      "Segments": [
        0,
        12,
        0,
        3.133,
        12
      ]
    },
    {
      "Target": "Parameter",
      "Id": "ParamHandRA",
      "Segments": [
        0,
        0,
        0,
        3.133,
        0
      ]
    },
    {
      "Target": "Parameter",
      "Id": "ParamHandRB",
      "Segments": [
        0,
        0,
        0,
        3.133,
        0
      ]
    },
    {
      "Target": "Parameter",
      "Id": "ParamHandRC",
      "Segments": [
        0,
        0,
        0,
        3.133,
        0
      ]
    },
    {
      "Target": "Parameter",
      "Id": "ParamHandRD",
      "Segments": [
        0,
        0,
        0,
        3.133,
        0
      ]
    },
    {
      "Target": "Parameter",
      "Id": "ParamHandRE",
      "Segments": [
        0,
        0,
        0,
        3.133,
        0
      ]
    },
    {
      "Target": "Parameter",
      "Id": "ParamHandRH",
      "Segments": [
        0,
        0,
        0,
        3.133,
        0
      ]
    },
    {
      "Target": "Parameter",
      "Id": "ParamHandRI",
      "Segments": [
        0,
        0,
        0,
        3.133,
        0
      ]
    },
    {
      "Target": "Parameter",
      "Id": "ParamHandRJ",
      "Segments": [
        0,
        0,
        0,
        3.133,
        0
      ]
    },
    {
      "Target": "Parameter",
      "Id": "ParamHandRK",
      "Segments": [
        0,
        0,
        0,
        3.133,
        0
      ]
    },
    {
      "Target": "Parameter",
      "Id": "ParamArmL4",
      "Segments": [
        0,
        0,
        0,
        3.133,
        0
      ]
    },
    {
      "Target": "Parameter",
      "Id": "ParamArmL6",
      "Segments": [
        0,
        1,
        0,
        3.133,
        1
      ]
    },
    {
      "Target": "Parameter",
      "Id": "ParamArmL7",
      "Segments": [
        0,
        8,
        0,
        3.133,
        8
      ]
    },
    {
      "Target": "Parameter",
      "Id": "ParamArmL8",
      "Segments": [
        0,
        11,
        0,
        3.133,
        11
      ]
    },
    {
      "Target": "Parameter",
      "Id": "ParamHandLA",
      "Segments": [
        0,
        0,
        0,
        3.133,
        0
      ]
    },
    {
      "Target": "Parameter",
      "Id": "ParamHandLB",
      "Segments": [
        0,
        0,
        0,
        3.133,
        0
      ]
    },
    {
      "Target": "Parameter",
      "Id": "ParamHandLC",
      "Segments": [
        0,
        0,
        0,
        3.133,
        0
      ]
    },
    {
      "Target": "Parameter",
      "Id": "ParamHandLD",
      "Segments": [
        0,
        0,
        0,
        3.133,
        0
      ]
    },
    {
      "Target": "Parameter",
      "Id": "ParamHandLE",
      "Segments": [
        0,
        0,
        0,
        3.133,
        0
      ]
    },
    {
      "Target": "Parameter",
      "Id": "ParamHandLH",
      "Segments": [
        0,
        0,
        0,
        3.133,
        0
      ]
    },
    {
      "Target": "Parameter",
      "Id": "ParamHandLI",
      "Segments": [
        0,
        0,
        0,
        3.133,
        0
      ]
    },
    {
      "Target": "Parameter",
      "Id": "ParamHandLJ",
      "Segments": [
        0,
        0,
        0,
        3.133,
        0
      ]
    },
    {
      "Target": "Parameter",
      "Id": "ParamHandLK",
      "Segments": [
        0,
        0,
        0,
        3.133,
        0
      ]
    }
  ],
  "UserData": []
}